月日,時刻,エリア需要,原子力,火力,水力,地熱,バイオマス,太陽光実績,風力実績
,,,,,,,,,
2020/1/1,0時,4205,0,3169,224,15,22,0,350
,1時,4290,0,3186,236,14,22,0,347
,2時,4418,0,3190,278,14,22,0,348
,3時,4466,0,3179,344,15,22,0,359
,4時,4460,0,3167,398,14,22,0,360
,5時,4332,0,3101,412,14,22,0,357
,6時,4178,0,3078,322,15,22,0,344
,7時,3883,0,2875,229,14,22,31,336
,8時,3741,0,2618,147,14,22,234,337
,9時,3600,0,2370,131,14,22,447,340
,10時,3483,0,2354,134,15,22,562,337
,11時,3376,0,2255,151,14,22,571,334
,12時,3258,0,2206,117,16,22,565,337
,13時,3276,0,2263,129,15,22,482,337
,14時,3377,0,2356,146,16,22,273,346
,15時,3594,0,2598,186,15,22,57,333
,16時,3760,0,2748,271,15,22,0,324
,17時,3925,0,2845,327,16,22,0,312
,18時,3940,0,2842,350,15,22,0,312
,19時,3917,0,2910,255,15,22,0,322
,20時,3953,0,2983,214,16,22,0,319
,21時,3968,0,3026,173,15,22,0,315
,22時,3825,0,2916,165,15,22,0,306
,23時,3981,0,3047,168,16,22,0,319
2020/1/2,0時,3915,0,2998,142,14,22,0,330
,1時,4068,0,3098,175,14,22,0,335
,2時,4207,0,3204,207,14,22,0,343
,3時,4289,0,3218,275,15,22,0,344
,4時,4307,0,3165,340,14,22,0,343
,5時,4233,0,3075,372,14,22,0,342
,6時,4172,0,3119,281,15,22,0,337
,7時,3883,0,2905,210,14,22,40,332
,8時,3769,0,2626,143,14,22,268,323
,9時,3644,0,2375,134,15,22,474,322
,10時,3555,0,2477,123,14,22,575,327
,11時,3550,0,2510,132,14,22,568,325
,12時,3534,0,2578,122,15,22,497,328
,13時,3504,0,2603,141,15,22,387,327
,14時,3513,0,2561,158,16,22,223,332
,15時,3705,0,2746,197,15,22,43,310
,16時,3859,0,2876,276,15,22,0,297
,17時,4004,0,2938,353,16,22,0,289
,18時,4013,0,3007,297,15,22,0,293
,19時,3956,0,3023,247,15,22,0,295
,20時,3956,0,3073,200,16,22,0,280
,21時,3895,0,3030,179,15,22,0,268
,22時,3727,0,2861,163,15,22,0,277
,23時,3893,0,3021,165,16,22,0,291
2020/1/3,0時,3820,0,2957,146,14,22,0,297
,1時,3957,0,3055,181,14,22,0,289
,2時,4096,0,3160,212,15,22,0,286
,3時,4170,0,3160,274,14,22,0,288
,4時,4155,0,3006,362,14,22,0,319
,5時,4066,0,2923,387,15,22,0,300
,6時,3928,0,2775,293,14,22,0,283
,7時,3689,0,2657,242,14,22,44,258
,8時,3607,0,2511,176,14,22,291,255
,9時,3564,0,2438,150,15,22,531,272
,10時,3458,0,2418,130,14,22,661,296
,11時,3417,0,2450,142,15,22,701,315
,12時,3320,0,2394,120,14,22,673,311
,13時,3351,0,2320,140,15,22,519,304
,14時,3464,0,2406,153,16,22,262,315
,15時,3664,0,2632,211,15,22,63,312
,16時,3857,0,2822,264,16,22,0,311
,17時,4046,0,2921,366,15,22,0,294
,18時,4152,0,3026,318,15,22,0,279
,19時,4149,0,3062,290,16,22,0,283
,20時,4130,0,3114,238,15,22,0,260
,21時,4143,0,3235,185,15,22,0,241
,22時,3970,0,3152,171,16,22,0,226
,23時,4123,0,3266,180,15,22,0,239
2020/1/4,0時,4098,0,3258,144,14,22,0,236
,1時,4222,0,3318,184,15,22,0,234
,2時,4346,0,3336,222,14,22,0,240
,3時,4461,0,3350,303,14,22,0,245
,4時,4530,0,3352,363,15,22,0,226
,5時,4503,0,3352,396,14,22,0,206
,6時,4403,0,3368,346,14,22,0,190
,7時,4178,0,3243,254,15,22,32,182
,8時,4168,0,3124,192,14,22,215,190
,9時,4056,0,2851,154,14,22,440,177
,10時,3820,0,2496,137,15,22,583,175
,11時,3731,0,2489,147,14,22,682,183
,12時,3642,0,2558,114,16,22,666,168
,13時,3627,0,2512,142,15,22,504,165
,14時,3737,0,2700,196,15,22,281,144
,15時,3961,0,3092,242,16,22,63,135
,16時,4173,0,3316,284,15,22,0,126
,17時,4330,0,3378,374,15,22,0,123
,18時,4373,0,3441,353,16,22,0,128
,19時,4318,0,3440,291,15,22,0,130
,20時,4303,0,3498,231,15,22,0,112
,21時,4197,0,3420,213,16,22,0,103
,22時,4020,0,3270,206,15,22,0,95
,23時,4202,0,3401,218,15,22,0,113
2020/1/5,0時,4170,0,3385,188,15,22,0,146
,1時,4318,0,3453,222,14,22,0,166
,2時,4445,0,3557,262,14,22,0,152
,3時,4529,0,3577,340,14,22,0,145
,4時,4499,0,3471,401,15,22,0,162
,5時,4403,0,3340,436,14,22,0,168
,6時,4267,0,3251,343,14,22,0,165
,7時,4011,0,3082,282,15,22,42,159
,8時,3890,0,2806,214,14,22,273,147
,9時,3815,0,2637,142,14,22,504,154
,10時,3865,0,2507,133,14,22,669,183
,11時,3921,0,2488,154,15,22,657,210
,12時,3848,0,2619,125,15,22,554,218
,13時,3808,0,2576,138,15,22,460,227
,14時,3858,0,2776,163,15,22,269,236
,15時,4080,0,3119,223,16,22,63,243
,16時,4216,0,3233,293,15,22,0,250
,17時,4412,0,3377,359,15,22,0,255
,18時,4506,0,3538,288,15,22,0,238
,19時,4414,0,3485,253,16,22,0,233
,20時,4336,0,3450,205,15,22,0,229
,21時,4253,0,3396,188,15,22,0,249
,22時,4090,0,3209,197,15,22,0,266
,23時,4180,0,3259,202,15,22,0,290
2020/1/6,0時,4136,0,3254,152,15,22,0,309
,1時,4265,0,3349,170,14,22,0,316
,2時,4387,0,3418,212,14,22,0,320
,3時,4492,0,3429,299,14,22,0,318
,4時,4627,0,3573,300,14,22,0,314
,5時,4601,0,3455,364,15,22,0,311
,6時,4562,0,3453,325,14,22,0,307
,7時,4423,0,3319,305,14,22,28,298
,8時,4407,0,3320,185,14,22,198,288
,9時,4459,0,3197,151,15,22,404,290
,10時,4416,0,3017,145,14,22,543,308
,11時,4335,0,2894,165,14,22,552,308
,12時,4223,0,2906,115,14,22,490,310
,13時,4376,0,3077,136,15,22,430,308
,14時,4367,0,3147,206,15,22,241,319
,15時,4544,0,3422,299,15,22,55,290
,16時,4624,0,3480,414,16,22,0,273
,17時,4601,0,3412,485,15,22,0,260
,18時,4494,0,3340,470,15,22,0,250
,19時,4376,0,3326,396,15,22,0,234
,20時,4258,0,3307,339,15,22,0,197
,21時,4119,0,3229,298,15,22,0,162
,22時,3969,0,3143,270,15,22,0,146
,23時,4124,0,3301,267,16,22,0,135
2020/1/7,0時,4036,0,3272,218,14,22,0,131
,1時,4212,0,3429,231,14,22,0,120
,2時,4361,0,3547,269,14,22,0,106
,3時,4439,0,3502,375,14,22,0,90
,4時,4449,0,3481,412,14,22,0,79
,5時,4388,0,3426,404,14,22,0,75
,6時,4371,0,3460,356,14,22,0,67
,7時,4229,0,3396,266,15,22,32,51
,8時,4357,0,3433,198,14,22,216,37
,9時,4308,0,3197,147,14,22,479,29
,10時,4172,0,2858,148,14,22,694,26
,11時,4049,0,2796,167,14,22,765,23
,12時,3810,0,2713,121,15,22,740,25
,13時,3973,0,2912,136,14,22,605,23
,14時,4097,0,3022,193,16,22,362,16
,15時,4353,0,3483,281,15,22,75,11
,16時,4547,0,3673,377,16,22,0,8
,17時,4570,0,3608,452,15,22,0,5
,18時,4499,0,3541,442,15,22,0,6
,19時,4389,0,3529,350,16,22,0,15
,20時,4284,0,3493,284,15,22,0,27
,21時,4170,0,3395,265,15,22,0,31
,22時,3994,0,3228,255,16,22,0,41
,23時,4112,0,3334,261,15,22,0,58
2020/1/8,0時,4088,0,3321,231,14,22,0,71
,1時,4242,0,3472,248,14,22,0,61
,2時,4382,0,3534,295,14,22,0,86
,3時,4463,0,3453,420,15,22,0,106
,4時,4499,0,3471,441,14,22,0,125
,5時,4428,0,3374,470,15,22,0,135
,6時,4440,0,3417,430,14,22,0,145
,7時,4363,0,3429,314,14,22,20,159
,8時,4654,0,3690,221,15,22,112,171
,9時,4774,0,3792,158,14,22,169,164
,10時,4713,0,3743,134,14,22,202,160
,11時,4703,0,3683,156,15,22,235,165
,12時,4483,0,3559,119,14,22,175,172
,13時,4656,0,3730,156,14,22,112,185
,14時,4767,0,3792,244,15,22,51,177
,15時,4856,0,3803,342,14,22,12,172
,16時,4863,0,3790,411,16,22,0,157
,17時,4811,0,3689,466,15,22,0,145
,18時,4739,0,3657,466,15,22,0,136
,19時,4570,0,3605,382,16,22,0,124
,20時,4403,0,3528,315,15,22,0,94
,21時,4253,0,3495,272,16,22,0,75
,22時,4012,0,3388,284,15,22,0,67
,23時,4130,0,3334,282,16,22,0,43
2020/1/9,0時,4063,0,3304,253,14,22,0,37
,1時,4203,0,3395,294,14,22,0,40
,2時,4363,0,3506,326,15,22,0,57
,3時,4498,0,3521,428,14,22,0,65
,4時,4499,0,3466,459,15,22,0,81
,5時,4467,0,3425,485,14,22,0,71
,6時,4495,0,3506,435,15,22,0,71
,7時,4396,0,3563,291,14,22,8,53
,8時,4561,0,3772,210,14,22,69,34
,9時,4527,0,3707,174,15,22,160,32
,10時,4346,0,3451,146,15,22,270,26
,11時,4162,0,3234,167,14,22,316,31
,12時,3884,0,3192,131,15,22,297,51
,13時,4059,0,3214,153,14,22,285,61
,14時,4146,0,3257,198,15,22,169,70
,15時,4360,0,3456,324,15,22,43,79
,16時,4563,0,3583,422,16,22,0,76
,17時,4611,0,3591,462,15,22,0,65
,18時,4526,0,3502,457,15,22,0,74
,19時,4412,0,3527,353,16,22,0,68
,20時,4310,0,3490,291,15,22,0,59
,21時,4196,0,3382,285,15,22,0,49
,22時,3986,0,3226,282,16,22,0,43
,23時,4099,0,3298,290,15,22,0,32
2020/1/10,0時,4065,0,3312,257,14,22,0,25
,1時,4263,0,3494,281,15,22,0,14
,2時,4410,0,3571,332,14,22,0,10
,3時,4521,0,3566,454,14,22,0,12
,4時,4527,0,3548,482,14,22,0,16
,5時,4504,0,3492,506,14,22,0,13
,6時,4586,0,3613,464,14,22,0,14
,7時,4462,0,3610,314,15,22,43,19
,8時,4469,0,3442,246,14,22,284,16
,9時,4372,0,3208,153,14,22,519,14
,10時,4175,0,2894,134,14,22,655,13
,11時,4043,0,2811,154,15,22,665,10
,12時,3755,0,2884,119,14,22,653,9
,13時,3875,0,2841,142,14,22,598,10
,14時,3984,0,2904,195,16,22,384,9
,15時,4259,0,3262,353,15,22,99,8
,16時,4554,0,3570,416,16,22,1,6
,17時,4615,0,3637,467,15,22,0,5
,18時,4537,0,3548,455,15,22,0,9
,19時,4409,0,3523,346,15,22,0,15
,20時,4321,0,3505,296,16,22,0,17
,21時,4186,0,3456,277,15,22,0,17
,22時,4023,0,3363,278,15,22,0,18
,23時,4167,0,3416,287,16,22,0,28
2020/1/11,0時,4084,0,3328,255,14,22,0,35
,1時,4200,0,3412,280,14,22,0,47
,2時,4337,0,3441,358,14,22,0,61
,3時,4418,0,3441,430,15,22,0,74
,4時,4456,0,3440,459,14,22,0,88
,5時,4367,0,3386,428,14,22,0,88
,6時,4255,0,3354,338,14,22,0,93
,7時,4120,0,3309,226,14,22,26,110
,8時,4133,0,3267,185,14,22,167,103
,9時,4175,0,3184,152,15,22,290,104
,10時,4094,0,3098,152,14,22,323,101
,11時,4011,0,3006,158,14,22,378,98
,12時,3799,0,2876,118,14,22,370,98
,13時,3776,0,2904,140,15,22,253,103
,14時,3825,0,3022,183,15,22,127,88
,15時,3950,0,3112,298,15,22,34,77
,16時,4145,0,3286,361,16,22,0,55
,17時,4255,0,3398,346,15,22,0,47
,18時,4233,0,3446,347,15,22,0,38
,19時,4169,0,3397,286,15,22,0,46
,20時,4082,0,3395,218,15,22,0,59
,21時,3981,0,3305,209,15,22,0,60
,22時,3815,0,3062,213,15,22,0,90
,23時,3977,0,3205,224,15,22,0,89
2020/1/12,0時,3947,0,3208,188,14,22,0,95
,1時,4116,0,3336,220,14,22,0,98
,2時,4249,0,3329,334,14,22,0,111
,3時,4291,0,3300,425,14,22,0,87
,4時,4331,0,3336,428,14,22,0,88
,5時,4195,0,3271,401,14,22,0,76
,6時,4022,0,3198,322,13,22,0,65
,7時,3817,0,3047,250,14,22,21,63
,8時,3840,0,3094,183,14,22,142,60
,9時,3779,0,2950,143,14,22,272,65
,10時,3592,0,2532,157,14,22,444,76
,11時,3424,0,2458,175,14,22,543,85
,12時,3462,0,2634,123,15,22,468,63
,13時,3596,0,2698,136,15,22,353,51
,14時,3651,0,2809,166,15,22,224,61
,15時,3834,0,3058,232,15,22,61,66
,16時,3976,0,3247,253,15,22,0,69
,17時,4184,0,3345,342,15,22,0,64
,18時,4201,0,3316,358,14,22,0,59
,19時,4137,0,3311,269,15,22,0,69
,20時,4084,0,3331,218,15,22,0,58
,21時,3998,0,3270,203,15,22,0,56
,22時,3806,0,3071,210,15,22,0,59
,23時,3928,0,3186,216,15,22,0,53
2020/1/13,0時,3955,0,3263,179,14,22,0,51
,1時,4087,0,3363,196,13,22,0,58
,2時,4210,0,3372,259,14,22,0,74
,3時,4340,0,3356,358,14,22,0,114
,4時,4351,0,3274,421,14,22,0,136
,5時,4330,0,3248,427,14,22,0,129
,6時,4277,0,3349,358,14,22,0,80
,7時,4111,0,3338,212,14,22,31,70
,8時,4095,0,3224,168,14,22,236,80
,9時,3946,0,2874,136,14,22,480,57
,10時,3753,0,2616,138,14,22,616,46
,11時,3637,0,2544,161,14,22,688,50
,12時,3548,0,2558,116,15,22,649,60
,13時,3619,0,2709,140,15,22,499,67
,14時,3741,0,2826,177,16,22,281,83
,15時,3967,0,3068,256,15,22,76,96
,16時,4190,0,3308,299,15,22,0,93
,17時,4382,0,3388,365,15,22,0,92
,18時,4378,0,3419,356,15,22,0,90
,19時,4298,0,3458,261,15,22,0,81
,20時,4250,0,3466,228,16,22,0,62
,21時,4121,0,3376,223,15,22,0,69
,22時,3926,0,3171,215,15,22,0,74
,23時,4012,0,3226,230,15,22,0,77
2020/1/14,0時,3966,0,3201,209,14,22,0,78
,1時,4160,0,3371,224,15,22,0,81
,2時,4305,0,3401,302,14,22,0,84
,3時,4412,0,3419,378,14,22,0,81
,4時,4445,0,3404,429,14,22,0,80
,5時,4426,0,3383,442,14,22,0,97
,6時,4506,0,3551,371,15,22,0,82
,7時,4387,0,3639,237,14,22,38,71
,8時,4518,0,3669,170,14,22,240,60
,9時,4449,0,3396,133,14,22,447,53
,10時,4209,0,2929,127,14,22,674,50
,11時,4049,0,2868,140,14,22,733,57
,12時,3883,0,2921,118,16,22,723,60
,13時,4106,0,3106,143,15,22,563,63
,14時,4195,0,3110,186,15,22,383,50
,15時,4413,0,3456,306,15,22,100,43
,16時,4626,0,3699,370,15,22,0,37
,17時,4701,0,3718,419,16,22,0,37
,18時,4639,0,3693,405,15,22,0,34
,19時,4506,0,3648,335,15,22,0,24
,20時,4398,0,3604,295,15,22,0,14
,21時,4274,0,3487,277,15,22,0,10
,22時,4096,0,3362,260,16,22,0,11
,23時,4201,0,3406,267,15,22,0,11
2020/1/15,0時,4155,0,3403,255,14,22,0,8
,1時,4366,0,3530,271,14,22,0,11
,2時,4535,0,3615,331,14,22,0,11
,3時,4689,0,3698,433,14,22,0,13
,4時,4703,0,3690,475,14,22,0,9
,5時,4718,0,3691,496,15,22,0,10
,6時,4764,0,3711,429,14,22,0,12
,7時,4596,0,3743,278,14,22,48,13
,8時,4541,0,3582,199,14,22,309,15
,9時,4430,0,3394,139,14,22,577,18
,10時,4131,0,3121,123,15,22,696,15
,11時,3972,0,2981,140,14,22,702,10
,12時,3829,0,2969,121,15,22,664,12
,13時,4018,0,3058,138,15,22,503,10
,14時,4175,0,3205,186,16,22,324,12
,15時,4439,0,3521,301,15,22,88,11
,16時,4619,0,3616,357,16,22,0,15
,17時,4720,0,3683,441,16,22,0,23
,18時,4681,0,3739,417,15,22,0,21
,19時,4546,0,3742,309,16,22,0,24
,20時,4465,0,3665,281,15,22,0,39
,21時,4382,0,3601,268,15,22,0,28
,22時,4230,0,3497,261,16,22,0,32
,23時,4305,0,3457,275,15,22,0,49
2020/1/16,0時,4254,0,3460,253,15,22,0,69
,1時,4417,0,3564,285,14,22,0,92
,2時,4576,0,3635,334,15,22,0,85
,3時,4686,0,3641,424,14,22,0,87
,4時,4677,0,3589,470,14,22,0,96
,5時,4606,0,3554,452,15,22,0,100
,6時,4670,0,3660,389,14,22,0,115
,7時,4577,0,3718,256,15,22,43,94
,8時,4552,0,3517,207,14,22,286,86
,9時,4376,0,3157,161,14,22,547,95
,10時,4155,0,2850,128,15,22,722,78
,11時,4078,0,2858,136,14,22,772,100
,12時,3877,0,3001,119,15,22,630,119
,13時,4037,0,2998,139,16,22,531,125
,14時,4180,0,3053,182,15,22,349,134
,15時,4427,0,3409,288,16,22,97,124
,16時,4613,0,3596,355,15,22,1,131
,17時,4691,0,3503,434,16,22,0,136
,18時,4636,0,3464,407,15,22,0,169
,19時,4498,0,3461,310,16,22,0,184
,20時,4403,0,3435,279,15,22,0,192
,21時,4233,0,3329,268,15,22,0,195
,22時,4101,0,3242,254,16,22,0,176
,23時,4168,0,3311,267,15,22,0,177
2020/1/17,0時,4114,0,3237,254,15,22,0,158
,1時,4273,0,3356,294,14,22,0,149
,2時,4453,0,3387,333,14,22,0,165
,3時,4519,0,3344,404,15,22,0,214
,4時,4582,0,3279,511,14,22,0,221
,5時,4554,0,3265,521,15,22,0,213
,6時,4637,0,3458,461,14,22,0,208
,7時,4445,0,3381,304,14,22,54,214
,8時,4415,0,3215,235,15,22,357,212
,9時,4329,0,2953,152,14,22,652,209
,10時,4189,0,2880,137,14,22,830,230
,11時,4185,0,3073,140,15,22,766,255
,12時,3994,0,3101,113,15,22,673,257
,13時,4182,0,2951,131,15,22,582,222
,14時,4224,0,3019,173,16,22,372,202
,15時,4400,0,3315,302,15,22,113,171
,16時,4595,0,3479,417,15,22,1,137
,17時,4668,0,3548,460,15,22,0,125
,18時,4588,0,3571,415,16,22,0,103
,19時,4438,0,3512,335,15,22,0,102
,20時,4328,0,3470,274,15,22,0,89
,21時,4206,0,3389,247,16,22,0,85
,22時,3998,0,3235,225,15,22,0,66
,23時,4142,0,3349,255,15,22,0,38
2020/1/18,0時,4112,0,3366,237,14,22,0,23
,1時,4268,0,3460,262,15,22,0,25
,2時,4403,0,3454,353,14,22,0,34
,3時,4523,0,3464,427,14,22,0,44
,4時,4556,0,3504,426,14,22,0,39
,5時,4466,0,3456,481,15,22,0,26
,6時,4409,0,3476,370,14,22,0,18
,7時,4162,0,3359,236,14,22,59,21
,8時,4033,0,3009,164,14,22,362,18
,9時,3874,0,2664,135,15,22,694,18
,10時,3712,0,2564,134,14,22,897,14
,11時,3610,0,2523,141,14,22,936,11
,12時,3368,0,2357,111,16,22,896,9
,13時,3385,0,2384,123,15,22,774,4
,14時,3483,0,2460,150,15,22,511,3
,15時,3791,0,2849,306,16,22,163,6
,16時,4120,0,3240,368,15,22,3,10
,17時,4329,0,3408,344,15,22,0,15
,18時,4340,0,3416,328,16,22,0,17
,19時,4263,0,3404,300,15,22,0,17
,20時,4185,0,3389,246,15,22,0,23
,21時,4088,0,3363,209,16,22,0,21
,22時,3952,0,3254,193,15,22,0,25
,23時,4156,0,3346,213,15,22,0,27
2020/1/19,0時,4153,0,3390,186,14,22,0,24
,1時,4312,0,3491,202,15,22,0,29
,2時,4476,0,3609,247,14,22,0,34
,3時,4550,0,3651,340,14,22,0,28
,4時,4595,0,3663,364,15,22,0,22
,5時,4438,0,3566,361,14,22,0,24
,6時,4320,0,3509,287,14,22,0,29
,7時,4066,0,3352,201,14,22,48,32
,8時,3853,0,2946,197,14,22,260,24
,9時,3597,0,2549,136,15,22,556,19
,10時,3415,0,2441,130,14,22,769,17
,11時,3281,0,2405,141,14,22,807,8
,12時,3176,0,2327,98,15,22,814,5
,13時,3161,0,2249,120,15,22,666,3
,14時,3281,0,2290,151,15,22,437,4
,15時,3599,0,2781,234,16,22,137,7
,16時,3907,0,3139,279,15,22,3,20
,17時,4174,0,3331,322,15,22,0,45
,18時,4196,0,3356,309,16,22,0,51
,19時,4155,0,3360,279,15,22,0,47
,20時,4084,0,3365,214,16,22,0,39
,21時,3975,0,3266,206,15,22,0,50
,22時,3731,0,3030,200,15,22,0,68
,23時,3889,0,3148,203,15,22,0,76
2020/1/20,0時,3843,0,3105,184,15,22,0,93
,1時,4040,0,3269,209,14,22,0,85
,2時,4220,0,3411,245,14,22,0,84
,3時,4446,0,3547,337,15,22,0,81
,4時,4517,0,3551,425,14,22,0,62
,5時,4580,0,3604,452,14,22,0,40
,6時,4722,0,3860,343,15,22,0,31
,7時,4621,0,3852,270,14,22,4,15
,8時,4795,0,4047,219,14,22,20,10
,9時,4880,0,4096,206,14,22,38,23
,10時,4781,0,4018,189,15,22,41,44
,11時,4727,0,3931,203,14,22,40,83
,12時,4429,0,3651,179,15,22,45,120
,13時,4503,0,3666,218,14,22,37,145
,14時,4512,0,3606,249,14,22,39,168
,15時,4655,0,3633,339,15,22,17,201
,16時,4692,0,3627,407,16,22,0,184
,17時,4749,0,3690,422,15,22,0,166
,18時,4706,0,3651,447,15,22,0,142
,19時,4559,0,3585,362,16,22,0,146
,20時,4443,0,3451,323,15,22,0,151
,21時,4321,0,3332,312,15,22,0,159
,22時,4036,0,3078,288,15,22,0,172
,23時,4163,0,3188,295,15,22,0,176
2020/1/21,0時,4102,0,3162,294,14,22,0,186
,1時,4297,0,3286,343,15,22,0,196
,2時,4502,0,3403,399,14,22,0,209
,3時,4619,0,3418,459,14,22,0,229
,4時,4646,0,3389,490,14,22,0,234
,5時,4605,0,3313,520,14,22,0,245
,6時,4730,0,3463,424,14,22,0,223
,7時,4674,0,3511,368,14,22,10,204
,8時,4843,0,3698,339,14,22,66,201
,9時,4811,0,3643,278,14,22,149,214
,10時,4574,0,3387,262,14,22,219,230
,11時,4410,0,3113,254,14,22,329,243
,12時,4103,0,2732,198,15,22,427,284
,13時,4267,0,2843,234,15,22,387,327
,14時,4362,0,3023,266,16,22,252,341
,15時,4525,0,3266,357,15,22,78,340
,16時,4661,0,3432,429,15,22,2,316
,17時,4729,0,3480,444,15,22,0,288
,18時,4669,0,3465,398,15,22,0,259
,19時,4544,0,3389,375,15,22,0,242
,20時,4429,0,3358,329,15,22,0,218
,21時,4323,0,3358,320,15,22,0,196
,22時,4072,0,3151,283,15,22,0,183
,23時,4154,0,3200,293,15,22,0,200
2020/1/22,0時,4065,0,3068,289,14,22,0,231
,1時,4275,0,3256,336,14,22,0,227
,2時,4433,0,3344,392,14,22,0,234
,3時,4523,0,3340,448,14,22,0,274
,4時,4535,0,3292,462,14,22,0,300
,5時,4525,0,3273,480,14,22,0,296
,6時,4576,0,3349,453,14,22,0,272
,7時,4420,0,3285,390,14,22,35,236
,8時,4434,0,3231,267,14,22,221,211
,9時,4410,0,3029,224,14,22,461,221
,10時,4279,0,2743,224,15,22,623,221
,11時,4110,0,2455,235,14,22,731,230
,12時,3825,0,2415,197,14,22,705,223
,13時,3996,0,2533,228,15,22,575,215
,14時,4087,0,2776,270,15,22,319,238
,15時,4235,0,3063,366,16,22,87,200
,16時,4390,0,3211,454,15,22,1,202
,17時,4498,0,3287,461,15,22,0,205
,18時,4470,0,3348,426,16,22,0,190
,19時,4323,0,3241,380,15,22,0,222
,20時,4199,0,3162,319,15,22,0,221
,21時,4097,0,3119,305,15,22,0,230
,22時,3870,0,2956,291,15,22,0,218
,23時,3949,0,2959,305,15,22,0,229
2020/1/23,0時,3872,0,2901,293,15,22,0,235
,1時,4020,0,2989,326,14,22,0,238
,2時,4137,0,3077,352,14,22,0,235
,3時,4285,0,3184,433,14,22,0,176
,4時,4338,0,3207,506,15,22,0,124
,5時,4336,0,3224,525,14,22,0,93
,6時,4385,0,3336,409,14,22,0,82
,7時,4249,0,3329,317,14,22,56,69
,8時,4205,0,3089,248,15,22,340,51
,9時,4087,0,2745,194,14,22,617,50
,10時,3904,0,2361,188,14,22,827,49
,11時,3786,0,2217,175,15,22,901,46
,12時,3541,0,2258,144,14,22,866,39
,13時,3725,0,2443,165,14,22,668,34
,14時,3822,0,2695,198,15,22,415,29
,15時,4069,0,3076,334,15,22,130,20
,16時,4348,0,3296,463,15,22,4,14
,17時,4516,0,3409,484,15,22,0,10
,18時,4486,0,3418,449,16,22,0,9
,19時,4387,0,3426,403,15,22,0,8
,20時,4277,0,3404,343,15,22,0,5
,21時,4159,0,3399,291,15,22,0,16
,22時,3957,0,3247,277,15,22,0,24
,23時,4051,0,3288,284,15,22,0,36
2020/1/24,0時,3965,0,3182,267,14,22,0,49
,1時,4103,0,3253,306,14,22,0,58
,2時,4259,0,3314,357,14,22,0,96
,3時,4353,0,3275,430,14,22,0,163
,4時,4407,0,3213,468,14,22,0,225
,5時,4406,0,3164,472,14,22,0,273
,6時,4579,0,3291,390,14,22,0,305
,7時,4560,0,3341,269,15,22,29,329
,8時,4776,0,3389,209,14,22,160,360
,9時,4837,0,3408,242,14,22,253,352
,10時,4533,0,3193,206,14,22,388,369
,11時,4265,0,2848,170,14,22,452,376
,12時,3939,0,2640,142,15,22,604,372
,13時,4115,0,2813,170,15,22,537,376
,14時,4338,0,2946,208,15,22,338,393
,15時,4581,0,3240,294,15,22,108,399
,16時,4743,0,3434,430,15,22,1,368
,17時,4833,0,3463,449,15,22,0,351
,18時,4735,0,3382,402,15,22,0,373
,19時,4596,0,3317,370,15,22,0,385
,20時,4533,0,3320,308,15,22,0,376
,21時,4452,0,3295,281,15,22,0,387
,22時,4297,0,3203,270,15,22,0,382
,23時,4435,0,3301,274,15,22,0,381
2020/1/25,0時,4334,0,3241,249,14,22,0,392
,1時,4479,0,3260,313,14,22,0,380
,2時,4701,0,3313,441,14,22,0,340
,3時,4785,0,3355,504,14,22,0,324
,4時,4752,0,3318,530,14,22,0,349
,5時,4647,0,3314,467,14,22,0,360
,6時,4532,0,3372,361,14,22,0,338
,7時,4260,0,3181,266,14,22,45,324
,8時,4243,0,3023,185,14,22,252,337
,9時,4191,0,2879,181,14,22,454,319
,10時,4068,0,2797,184,14,22,633,311
,11時,4011,0,2740,180,14,22,667,318
,12時,3893,0,2882,134,15,22,611,332
,13時,3859,0,2854,156,15,22,488,331
,14時,3839,0,2730,181,15,22,324,358
,15時,4002,0,2840,230,15,22,115,360
,16時,4170,0,3061,296,15,22,2,337
,17時,4436,0,3310,344,15,22,0,312
,18時,4460,0,3297,354,15,22,0,320
,19時,4322,0,3200,307,15,22,0,357
,20時,4308,0,3224,261,15,22,0,338
,21時,4235,0,3192,231,15,22,0,309
,22時,4202,0,3194,224,15,22,0,244
,23時,4391,0,3269,233,15,22,0,204
2020/1/26,0時,4163,0,3111,217,14,22,0,185
,1時,4311,0,3265,309,14,22,0,179
,2時,4478,0,3346,355,13,22,0,165
,3時,4584,0,3357,461,14,22,0,171
,4時,4607,0,3363,484,14,22,0,168
,5時,4543,0,3434,426,14,22,0,170
,6時,4343,0,3319,314,14,22,0,171
,7時,4012,0,3085,224,14,22,50,142
,8時,3834,0,2850,151,14,22,264,128
,9時,3693,0,2529,157,14,22,476,120
,10時,3550,0,2460,163,14,22,615,130
,11時,3412,0,2465,165,14,22,690,165
,12時,3314,0,2504,125,15,22,723,184
,13時,3192,0,2453,144,15,22,607,211
,14時,3183,0,2462,172,14,22,403,230
,15時,3422,0,2578,236,15,22,145,244
,16時,3761,0,2729,328,15,22,5,272
,17時,4111,0,3040,342,15,22,0,280
,18時,4189,0,3096,347,15,22,0,300
,19時,4108,0,3048,304,15,22,0,331
,20時,4036,0,3021,255,14,22,0,340
,21時,3956,0,2970,229,15,22,0,325
,22時,3749,0,2789,221,15,22,0,324
,23時,3858,0,2879,231,15,22,0,324
2020/1/27,0時,3964,0,2952,213,14,22,0,332
,1時,4157,0,3145,243,13,22,0,312
,2時,4260,0,3164,328,14,22,0,319
,3時,4377,0,3209,405,14,22,0,293
,4時,4472,0,3281,451,14,22,0,263
,5時,4444,0,3287,463,14,22,0,211
,6時,4544,0,3548,326,14,22,0,166
,7時,4386,0,3443,242,14,22,55,149
,8時,4436,0,3371,178,14,22,281,123
,9時,4412,0,3231,171,13,22,514,109
,10時,4273,0,2861,178,14,22,668,101
,11時,4121,0,2772,175,14,22,776,112
,12時,3878,0,2717,133,14,22,854,109
,13時,4031,0,2649,162,14,22,727,103
,14時,4002,0,2796,197,15,22,487,71
,15時,4165,0,3111,277,15,22,203,45
,16時,4465,0,3464,384,15,22,9,31
,17時,4639,0,3582,408,15,22,0,26
,18時,4583,0,3600,420,15,22,0,25
,19時,4459,0,3519,385,15,22,0,38
,20時,4339,0,3454,340,15,22,0,49
,21時,4232,0,3391,305,15,22,0,61
,22時,4022,0,3235,278,15,22,0,49
,23時,4130,0,3316,290,14,22,0,48
2020/1/28,0時,4120,0,3311,267,14,22,0,71
,1時,4292,0,3395,310,14,22,0,97
,2時,4467,0,3527,360,14,22,0,95
,3時,4603,0,3513,497,14,22,0,108
,4時,4634,0,3520,521,13,22,0,109
,5時,4616,0,3495,535,14,22,0,105
,6時,4687,0,3582,400,14,22,0,114
,7時,4473,0,3402,301,14,22,72,156
,8時,4390,0,3173,190,13,22,356,163
,9時,4324,0,2878,178,14,22,632,169
,10時,4128,0,2607,172,14,22,749,173
,11時,3939,0,2604,173,14,22,826,175
,12時,3624,0,2518,132,14,22,821,181
,13時,3804,0,2627,154,14,22,701,183
,14時,3920,0,2737,200,14,22,429,188
,15時,4205,0,3077,300,15,22,144,190
,16時,4438,0,3325,400,15,22,4,192
,17時,4569,0,3381,427,15,22,0,194
,18時,4499,0,3350,419,15,22,0,203
,19時,4376,0,3321,361,15,22,0,224
,20時,4269,0,3272,312,15,22,0,233
,21時,4128,0,3173,277,15,22,0,233
,22時,3886,0,2905,272,15,22,0,264
,23時,4005,0,3017,279,15,22,0,268
2020/1/29,0時,3991,0,2993,257,14,22,0,265
,1時,4108,0,3082,306,14,22,0,261
,2時,4275,0,3173,372,14,22,0,271
,3時,4380,0,3181,459,14,22,0,277
,4時,4402,0,3173,479,13,22,0,274
,5時,4412,0,3147,503,14,22,0,286
,6時,4539,0,3280,410,14,22,0,291
,7時,4480,0,3325,320,14,22,26,285
,8時,4733,0,3528,257,14,22,87,277
,9時,4857,0,3596,248,14,22,136,271
,10時,4698,0,3493,243,14,22,184,252
,11時,4599,0,3435,240,15,22,207,242
,12時,4358,0,3279,198,14,22,186,233
,13時,4481,0,3410,221,14,22,129,251
,14時,4471,0,3397,273,15,22,73,270
,15時,4498,0,3354,372,14,22,22,267
,16時,4521,0,3326,438,15,22,0,267
,17時,4594,0,3366,454,15,22,0,269
,18時,4537,0,3361,424,16,22,0,271
,19時,4408,0,3289,382,15,22,0,273
,20時,4259,0,3206,325,15,22,0,265
,21時,4159,0,3158,281,15,22,0,264
,22時,3938,0,2964,259,16,22,0,251
,23時,3984,0,2998,262,15,22,0,240
2020/1/30,0時,3922,0,2953,260,14,22,0,228
,1時,4112,0,3138,314,15,22,0,184
,2時,4219,0,3193,398,14,22,0,163
,3時,4335,0,3266,439,14,22,0,145
,4時,4375,0,3264,484,14,22,0,129
,5時,4325,0,3209,497,15,22,0,132
,6時,4342,0,3332,377,14,22,0,139
,7時,4231,0,3313,287,14,22,5,139
,8時,4413,0,3440,236,15,22,34,152
,9時,4509,0,3429,240,14,22,89,153
,10時,4370,0,3278,220,14,22,127,157
,11時,4286,0,3194,199,15,22,209,159
,12時,3990,0,2972,150,14,22,225,156
,13時,4047,0,2969,187,14,22,232,157
,14時,4119,0,3047,231,14,22,170,166
,15時,4211,0,3164,309,15,22,60,182
,16時,4370,0,3281,391,15,22,3,178
,17時,4543,0,3415,393,15,22,0,153
,18時,4480,0,3421,356,15,22,0,133
,19時,4333,0,3342,345,16,22,0,131
,20時,4191,0,3266,311,15,22,0,125
,21時,4011,0,3133,277,15,22,0,124
,22時,3812,0,2928,258,16,22,0,133
,23時,3912,0,3022,258,15,22,0,123
2020/1/31,0時,3842,0,2974,266,14,22,0,115
,1時,4052,0,3121,315,14,22,0,123
,2時,4138,0,3106,405,15,22,0,131
,3時,4248,0,3148,438,14,22,0,129
,4時,4292,0,3156,485,14,22,0,127
,5時,4245,0,3080,500,15,22,0,128
,6時,4368,0,3305,389,14,22,0,114
,7時,4465,0,3421,309,14,22,36,100
,8時,4576,0,3457,252,14,22,162,99
,9時,4577,0,3409,221,15,22,263,114
,10時,4456,0,3291,215,14,22,323,128
,11時,4333,0,3108,215,14,22,360,143
,12時,4102,0,2917,186,14,22,349,144
,13時,4265,0,3172,209,15,22,252,138
,14時,4246,0,3224,241,14,22,150,142
,15時,4274,0,3295,282,14,22,58,130
,16時,4379,0,3383,379,15,22,2,100
,17時,4470,0,3443,392,16,22,0,97
,18時,4399,0,3397,398,15,22,0,93
,19時,4264,0,3351,334,15,22,0,88
,20時,4134,0,3302,289,15,22,0,83
,21時,3973,0,3185,268,16,22,0,83
,22時,3798,0,3040,233,15,22,0,81
,23時,3932,0,3123,239,15,22,0,84
2020/2/1,0時,3863,0,3100,226,14,24,0,80
,1時,4047,0,3184,283,15,24,0,92
,2時,4168,0,3268,322,14,24,0,92
,3時,4279,0,3267,423,14,24,0,97
,4時,4292,0,3270,452,14,24,0,83
,5時,4194,0,3181,464,15,24,0,80
,6時,4143,0,3265,319,14,24,0,83
,7時,3938,0,3063,241,14,24,84,80
,8時,3895,0,2817,183,14,24,364,72
,9時,3817,0,2449,172,14,24,684,71
,10時,3751,0,2258,165,14,24,856,57
,11時,3690,0,2414,168,14,24,814,59
,12時,3627,0,2452,128,14,24,771,76
,13時,3669,0,2469,147,14,24,595,95
,14時,3765,0,2659,174,15,24,372,119
,15時,3851,0,2922,198,15,24,141,111
,16時,3987,0,3117,261,15,24,13,103
,17時,4214,0,3311,327,15,24,0,77
,18時,4219,0,3323,313,14,24,0,71
,19時,4138,0,3280,298,15,24,0,64
,20時,4076,0,3271,232,15,24,0,62
,21時,3942,0,3162,205,15,24,0,65
,22時,3778,0,3025,196,15,24,0,76
,23時,3903,0,3116,207,14,24,0,71
2020/2/2,0時,3884,0,3118,193,14,24,0,67
,1時,4003,0,3166,254,14,24,0,79
,2時,4164,0,3210,300,14,24,0,62
,3時,4255,0,3170,414,14,24,0,90
,4時,4286,0,3164,442,14,24,0,90
,5時,4223,0,3083,464,14,24,0,78
,6時,4087,0,3138,318,13,24,0,59
,7時,3876,0,2990,236,14,24,91,61
,8時,3847,0,2811,185,14,24,323,56
,9時,3726,0,2540,154,14,24,582,63
,10時,3557,0,2439,166,14,24,728,108
,11時,3395,0,2298,172,14,24,909,133
,12時,3274,0,2270,123,14,24,878,150
,13時,3292,0,2273,146,14,24,729,163
,14時,3243,0,2246,167,15,24,525,171
,15時,3455,0,2412,206,15,24,249,207
,16時,3693,0,2732,258,15,24,25,206
,17時,4065,0,3065,321,15,24,0,203
,18時,4119,0,3134,313,15,24,0,199
,19時,4087,0,3134,302,14,24,0,192
,20時,4013,0,3181,228,15,24,0,179
,21時,3848,0,3080,216,15,24,0,176
,22時,3648,0,2860,221,15,24,0,159
,23時,3798,0,3009,225,15,24,0,136
2020/2/3,0時,3774,0,3000,208,14,24,0,107
,1時,3975,0,3142,284,13,24,0,77
,2時,4165,0,3285,329,14,24,0,66
,3時,4295,0,3335,394,14,24,0,56
,4時,4411,0,3375,447,14,24,0,44
,5時,4447,0,3447,453,14,24,0,31
,6時,4507,0,3607,352,13,24,0,38
,7時,4338,0,3508,256,14,24,97,31
,8時,4437,0,3448,187,14,24,270,44
,9時,4606,0,3528,184,14,24,374,49
,10時,4589,0,3455,190,13,24,413,57
,11時,4698,0,3579,188,14,24,341,59
,12時,4658,0,3650,168,15,24,201,67
,13時,4907,0,3749,231,15,24,110,65
,14時,4981,0,3766,318,15,24,30,38
,15時,5019,0,3753,421,14,24,4,48
,16時,4816,0,3723,404,15,24,0,102
,17時,4872,0,3722,458,15,24,0,137
,18時,4792,0,3640,460,15,24,0,177
,19時,4639,0,3519,431,14,24,0,186
,20時,4565,0,3569,355,15,24,0,179
,21時,4516,0,3516,330,15,24,0,208
,22時,4282,0,3317,302,15,24,0,222
,23時,4405,0,3414,304,14,24,0,235
2020/2/4,0時,4377,0,3418,253,14,24,0,257
,1時,4495,0,3475,294,14,24,0,273
,2時,4644,0,3504,400,14,24,0,279
,3時,4725,0,3484,459,13,24,0,314
,4時,4792,0,3532,494,14,24,0,294
,5時,4776,0,3511,519,14,24,0,273
,6時,4790,0,3664,404,14,24,0,250
,7時,4647,0,3570,369,14,24,1,229
,8時,4835,0,3769,307,13,24,42,219
,9時,4844,0,3734,272,14,24,96,242
,10時,4640,0,3440,269,14,24,158,275
,11時,4474,0,3244,247,14,24,184,306
,12時,4214,0,3207,216,15,24,207,299
,13時,4332,0,3123,253,14,24,207,283
,14時,4375,0,3184,286,15,24,156,274
,15時,4554,0,3391,336,15,24,67,265
,16時,4622,0,3452,418,15,24,5,236
,17時,4779,0,3472,446,14,24,0,231
,18時,4738,0,3430,441,15,24,0,231
,19時,4610,0,3397,411,15,24,0,191
,20時,4549,0,3522,350,15,24,0,146
,21時,4412,0,3525,293,15,24,0,118
,22時,4236,0,3407,268,15,24,0,98
,23時,4329,0,3494,284,14,24,0,93
2020/2/5,0時,4286,0,3466,260,14,24,0,80
,1時,4585,0,3641,337,14,24,0,71
,2時,4754,0,3730,392,14,24,0,102
,3時,4797,0,3719,489,13,24,0,91
,4時,4830,0,3738,523,14,24,0,75
,5時,4754,0,3638,540,14,24,0,86
,6時,4784,0,3779,425,14,24,0,69
,7時,4716,0,3734,375,13,24,39,63
,8時,4899,0,3912,285,14,24,138,57
,9時,4950,0,3901,245,14,24,251,50
,10時,4748,0,3665,228,14,24,332,35
,11時,4513,0,3389,216,14,24,385,24
,12時,4211,0,3101,179,15,24,402,50
,13時,4395,0,3249,203,14,24,402,56
,14時,4564,0,3397,254,15,24,313,99
,15時,4738,0,3637,336,15,24,127,130
,16時,4774,0,3677,420,15,24,9,142
,17時,4961,0,3719,459,15,24,0,136
,18時,4969,0,3751,451,15,24,0,113
,19時,4854,0,3705,403,15,24,0,119
,20時,4761,0,3734,347,15,24,0,121
,21時,4737,0,3756,309,15,24,0,150
,22時,4558,0,3633,288,15,24,0,149
,23時,4671,0,3748,300,15,24,0,159
2020/2/6,0時,4606,0,3697,280,14,24,0,176
,1時,4793,0,3847,325,14,24,0,161
,2時,4939,0,3913,406,14,24,0,141
,3時,5022,0,3893,462,14,24,0,157
,4時,5071,0,3842,517,14,24,0,181
,5時,5105,0,3875,545,14,24,0,176
,6時,5161,0,3959,433,13,24,0,145
,7時,4991,0,3857,374,14,24,59,117
,8時,5046,0,3974,282,14,24,192,82
,9時,5040,0,3896,238,14,24,320,95
,10時,4857,0,3579,219,14,24,445,112
,11時,4870,0,3547,188,14,24,504,144
,12時,4696,0,3476,149,15,24,475,166
,13時,4717,0,3416,192,15,24,404,209
,14時,4734,0,3486,221,15,24,281,250
,15時,4810,0,3636,306,15,24,99,255
,16時,4842,0,3680,385,15,24,9,269
,17時,4998,0,3755,443,14,24,0,290
,18時,4961,0,3723,449,15,24,0,273
,19時,4784,0,3688,399,15,24,0,270
,20時,4683,0,3656,358,15,24,0,248
,21時,4592,0,3623,319,15,24,0,231
,22時,4418,0,3509,284,15,24,0,183
,23時,4540,0,3647,285,15,24,0,155
2020/2/7,0時,4468,0,3617,267,13,24,0,137
,1時,4640,0,3694,325,14,24,0,148
,2時,4760,0,3713,400,14,24,0,185
,3時,4889,0,3711,472,14,24,0,201
,4時,4903,0,3691,510,14,24,0,207
,5時,4904,0,3669,533,14,24,0,213
,6時,4981,0,3814,413,14,24,0,196
,7時,4856,0,3753,361,13,24,80,185
,8時,4907,0,3675,280,14,24,259,191
,9時,4939,0,3581,232,14,24,433,211
,10時,4796,0,3407,206,14,24,566,248
,11時,4748,0,3513,196,14,24,534,232
,12時,4524,0,3375,153,14,24,565,208
,13時,4576,0,3320,179,15,24,486,205
,14時,4501,0,3285,216,15,24,344,188
,15時,4552,0,3460,284,15,24,150,168
,16時,4617,0,3588,378,15,24,11,144
,17時,4790,0,3612,489,15,24,0,97
,18時,4765,0,3653,467,15,24,0,57
,19時,4651,0,3680,410,15,24,0,38
,20時,4558,0,3627,356,15,24,0,58
,21時,4514,0,3629,315,15,24,0,70
,22時,4381,0,3515,271,15,24,0,100
,23時,4538,0,3632,288,15,24,0,121
2020/2/8,0時,4473,0,3584,273,13,24,0,134
,1時,4611,0,3604,408,14,24,0,129
,2時,4729,0,3640,471,14,24,0,141
,3時,4852,0,3707,523,14,24,0,140
,4時,4870,0,3700,538,14,24,0,134
,5時,4756,0,3567,569,14,24,0,139
,6時,4658,0,3584,449,14,24,0,132
,7時,4479,0,3420,305,14,24,82,128
,8時,4512,0,3414,173,14,24,303,109
,9時,4439,0,3170,156,13,24,503,103
,10時,4285,0,2964,161,14,24,629,118
,11時,4201,0,2929,176,14,24,688,125
,12時,3949,0,2774,133,15,24,627,129
,13時,3938,0,2823,178,15,24,535,126
,14時,4002,0,2960,216,15,24,367,120
,15時,4133,0,3161,245,15,24,140,84
,16時,4201,0,3274,308,15,24,15,105
,17時,4540,0,3555,363,15,24,0,82
,18時,4620,0,3608,367,14,24,0,86
,19時,4569,0,3657,281,15,24,0,81
,20時,4551,0,3718,231,15,24,0,75
,21時,4523,0,3761,206,15,24,0,79
,22時,4401,0,3645,200,15,24,0,78
,23時,4561,0,3789,217,15,24,0,74
2020/2/9,0時,4519,0,3728,233,14,24,0,70
,1時,4718,0,3825,304,14,24,0,84
,2時,4856,0,3843,416,14,24,0,91
,3時,4946,0,3821,493,14,24,0,94
,4時,4924,0,3715,521,13,24,0,98
,5時,4767,0,3646,471,14,24,0,131
,6時,4635,0,3460,410,14,24,1,126
,7時,4363,0,3183,325,14,24,132,124
,8時,4253,0,2958,235,14,24,396,142
,9時,4186,0,2775,167,14,24,618,161
,10時,4097,0,2628,160,14,24,771,174
,11時,3958,0,2674,170,13,24,797,208
,12時,3884,0,2544,124,15,24,800,215
,13時,3798,0,2502,159,15,24,724,214
,14時,3748,0,2542,178,15,24,495,216
,15時,3923,0,2784,214,15,24,241,205
,16時,4111,0,3134,242,15,24,26,184
,17時,4533,0,3517,293,15,24,0,175
,18時,4693,0,3735,307,15,24,0,164
,19時,4610,0,3665,310,14,24,0,170
,20時,4616,0,3711,271,15,24,0,172
,21時,4610,0,3737,220,15,24,0,164
,22時,4406,0,3544,205,15,24,0,178
,23時,4617,0,3742,219,15,24,0,170
2020/2/10,0時,4584,0,3706,211,10,24,0,188
,1時,4785,0,3805,307,9,24,0,184
,2時,4891,0,3836,391,7,24,0,186
,3時,4916,0,3757,443,8,24,0,204
,4時,4941,0,3711,495,8,24,0,191
,5時,4939,0,3761,485,7,24,0,161
,6時,4985,0,3895,409,8,24,1,127
,7時,4785,0,3814,335,7,24,111,94
,8時,4891,0,3797,222,8,24,311,81
,9時,4941,0,3644,208,7,24,541,81
,10時,4856,0,3395,213,7,24,681,83
,11時,4673,0,3130,213,8,24,761,86
,12時,4368,0,2985,139,8,24,675,94
,13時,4500,0,3130,190,10,24,607,98
,14時,4505,0,3174,250,14,24,481,108
,15時,4581,0,3413,311,15,24,254,96
,16時,4695,0,3646,429,15,24,34,86
,17時,4903,0,3788,470,15,24,0,71
,18時,4886,0,3778,472,15,24,0,68
,19時,4734,0,3730,429,15,24,0,72
,20時,4628,0,3705,356,15,24,0,83
,21時,4502,0,3654,283,14,24,0,85
,22時,4255,0,3416,274,15,24,0,97
,23時,4360,0,3492,280,15,24,0,106
2020/2/11,0時,4274,0,3423,259,13,24,0,114
,1時,4412,0,3457,356,14,24,0,109
,2時,4548,0,3492,439,14,24,0,116
,3時,4649,0,3499,517,13,24,0,115
,4時,4671,0,3401,579,14,24,0,83
,5時,4587,0,3340,564,14,24,0,64
,6時,4504,0,3396,450,13,24,1,53
,7時,4239,0,3241,337,14,24,162,42
,8時,4232,0,3047,219,14,24,445,31
,9時,4218,0,2829,160,14,24,711,31
,10時,4093,0,2584,156,13,24,897,46
,11時,3963,0,2423,147,15,24,950,68
,12時,3796,0,2521,109,14,24,941,104
,13時,3710,0,2394,141,14,24,877,151
,14時,3694,0,2379,197,15,24,671,210
,15時,3787,0,2574,219,15,24,335,225
,16時,3979,0,2988,239,14,24,51,217
,17時,4314,0,3338,285,15,24,0,224
,18時,4392,0,3368,311,15,24,0,239
,19時,4317,0,3298,282,14,24,0,257
,20時,4263,0,3306,199,15,24,0,251
,21時,4149,0,3187,194,15,24,0,255
,22時,3951,0,2985,206,14,24,0,280
,23時,4103,0,3118,211,15,24,0,302
2020/2/12,0時,4089,0,3154,175,14,24,0,257
,1時,4204,0,3193,224,13,24,0,265
,2時,4330,0,3222,324,14,24,0,252
,3時,4383,0,3179,408,14,24,0,255
,4時,4407,0,3124,461,13,24,0,272
,5時,4335,0,3062,427,14,24,0,288
,6時,4363,0,3059,330,14,24,1,298
,7時,4287,0,3024,257,13,24,99,291
,8時,4392,0,3136,208,14,24,239,283
,9時,4395,0,3073,182,13,24,405,286
,10時,4314,0,2947,137,14,24,517,292
,11時,4260,0,2846,170,14,24,579,296
,12時,4004,0,2858,116,14,24,566,296
,13時,4089,0,2703,136,14,24,552,303
,14時,4106,0,2665,174,14,24,504,300
,15時,4133,0,2863,228,13,24,244,313
,16時,4209,0,3097,277,15,24,30,317
,17時,4366,0,3264,298,15,24,0,307
,18時,4326,0,3214,298,15,24,0,297
,19時,4203,0,3133,274,15,24,0,297
,20時,4041,0,3040,215,15,24,0,295
,21時,3873,0,2954,193,14,24,0,273
,22時,3626,0,2730,186,15,24,0,276
,23時,3784,0,2880,200,15,24,0,237
2020/2/13,0時,3758,0,2899,184,14,24,0,209
,1時,3954,0,3073,244,13,24,0,167
,2時,4129,0,3244,277,14,24,0,153
,3時,4277,0,3344,345,14,24,0,125
,4時,4300,0,3316,408,14,24,0,101
,5時,4253,0,3248,439,14,24,0,87
,6時,4257,0,3330,310,13,24,1,116
,7時,4073,0,3144,213,14,24,138,121
,8時,4153,0,3153,144,14,24,382,115
,9時,4074,0,3010,115,14,24,620,97
,10時,3915,0,2674,115,14,24,804,97
,11時,3771,0,2628,138,14,24,847,89
,12時,3636,0,2657,97,14,24,809,77
,13時,3739,0,2566,113,13,24,758,65
,14時,3755,0,2646,146,14,24,559,59
,15時,3866,0,2901,183,14,24,263,47
,16時,4042,0,3204,268,15,24,47,35
,17時,4270,0,3447,297,15,24,1,32
,18時,4269,0,3460,293,15,24,0,27
,19時,4162,0,3406,261,15,24,0,23
,20時,4010,0,3305,214,14,24,0,15
,21時,3855,0,3163,195,15,24,0,5
,22時,3685,0,3011,185,15,24,0,6
,23時,3765,0,3082,189,15,24,0,11
2020/2/14,0時,3734,0,3046,180,14,24,0,30
,1時,3852,0,3036,233,14,24,0,87
,2時,3990,0,3049,273,14,24,0,162
,3時,4108,0,3063,336,14,24,0,157
,4時,4170,0,3069,387,14,24,0,136
,5時,4164,0,3041,418,14,24,0,144
,6時,4197,0,3020,321,14,24,2,137
,7時,3988,0,2945,207,13,24,184,113
,8時,3995,0,2787,140,14,24,464,104
,9時,4005,0,2662,119,14,24,724,80
,10時,3877,0,2505,127,14,24,967,66
,11時,3836,0,2555,150,14,24,997,66
,12時,3605,0,2569,101,14,24,930,69
,13時,3841,0,2597,135,14,24,791,88
,14時,3994,0,2806,174,14,24,542,98
,15時,4084,0,3100,214,14,24,215,91
,16時,4152,0,3246,260,15,24,29,82
,17時,4305,0,3231,307,15,24,0,94
,18時,4260,0,3228,295,15,24,0,94
,19時,4148,0,3245,291,15,24,0,98
,20時,4018,0,3181,230,15,24,0,117
,21時,3929,0,3115,205,15,24,0,122
,22時,3753,0,2998,202,14,24,0,128
,23時,3831,0,3012,214,15,24,0,138
2020/2/15,0時,3801,0,2981,214,14,24,0,147
,1時,3905,0,3047,259,14,24,0,136
,2時,4078,0,3131,312,14,24,0,147
,3時,4242,0,3241,375,14,24,0,143
,4時,4302,0,3240,430,14,24,0,147
,5時,4245,0,3157,447,14,24,0,136
,6時,4112,0,3076,360,14,24,2,171
,7時,3835,0,2814,199,14,24,153,229
,8時,3849,0,2599,148,13,24,479,227
,9時,3781,0,2358,114,14,24,697,236
,10時,3702,0,2183,124,14,24,812,250
,11時,3597,0,2095,138,13,24,932,247
,12時,3465,0,2292,96,14,24,860,262
,13時,3465,0,2226,114,15,24,779,242
,14時,3461,0,2262,137,15,24,593,262
,15時,3606,0,2466,171,15,24,275,251
,16時,3798,0,2834,212,15,24,51,247
,17時,4140,0,3198,239,14,24,0,208
,18時,4201,0,3253,258,15,24,0,158
,19時,4126,0,3300,232,15,24,0,125
,20時,4113,0,3337,172,15,24,0,105
,21時,4092,0,3373,170,14,24,0,67
,22時,3954,0,3278,146,15,24,0,54
,23時,4101,0,3349,196,15,24,0,38
2020/2/16,0時,4007,0,3331,138,13,24,0,28
,1時,4165,0,3367,227,14,24,0,27
,2時,4266,0,3411,293,13,24,0,26
,3時,4321,0,3486,318,14,24,0,19
,4時,4361,0,3469,373,14,24,0,23
,5時,4276,0,3384,361,13,24,0,32
,6時,4082,0,3292,258,14,24,2,48
,7時,3810,0,2957,191,14,24,101,88
,8時,3832,0,2856,133,13,24,245,125
,9時,3825,0,2732,114,14,24,396,140
,10時,3752,0,2539,117,14,24,493,170
,11時,3720,0,2509,134,13,24,463,180
,12時,3645,0,2567,104,14,24,380,177
,13時,3661,0,2645,124,15,24,287,185
,14時,3740,0,2806,145,15,24,170,200
,15時,3917,0,2991,185,14,24,61,229
,16時,3978,0,3009,255,15,24,7,258
,17時,4324,0,3282,307,15,24,0,283
,18時,4437,0,3350,295,15,24,0,283
,19時,4364,0,3371,269,14,24,0,282
,20時,4357,0,3432,218,15,24,0,270
,21時,4333,0,3409,206,15,24,0,260
,22時,4204,0,3351,183,14,24,0,243
,23時,4334,0,3447,194,15,24,0,254
2020/2/17,0時,4320,0,3461,189,14,24,0,252
,1時,4503,0,3582,240,13,24,0,237
,2時,4663,0,3624,298,14,24,0,231
,3時,4783,0,3658,364,14,24,0,236
,4時,4789,0,3591,420,13,24,0,267
,5時,4729,0,3498,432,14,24,0,294
,6時,4725,0,3581,365,14,24,0,290
,7時,4533,0,3446,305,13,24,0,308
,8時,4716,0,3674,234,14,24,1,317
,9時,4796,0,3728,202,14,24,8,310
,10時,4622,0,3624,176,14,24,27,302
,11時,4437,0,3417,188,14,24,63,287
,12時,4111,0,3131,147,14,24,75,285
,13時,4174,0,3101,172,13,24,102,315
,14時,4224,0,3182,189,14,24,68,332
,15時,4330,0,3286,233,15,24,29,323
,16時,4365,0,3295,306,15,24,4,304
,17時,4526,0,3455,314,14,24,0,290
,18時,4545,0,3457,308,15,24,0,278
,19時,4389,0,3356,298,15,24,0,267
,20時,4256,0,3307,230,15,24,0,272
,21時,4145,0,3204,215,15,24,0,251
,22時,3938,0,3052,205,15,24,0,223
,23時,4096,0,3195,215,14,24,0,206
2020/2/18,0時,4017,0,3093,228,14,24,0,216
,1時,4201,0,3188,283,14,24,0,231
,2時,4330,0,3226,357,14,24,0,248
,3時,4434,0,3263,433,14,24,0,244
,4時,4458,0,3214,478,13,24,0,255
,5時,4436,0,3219,462,14,24,0,242
,6時,4487,0,3423,363,14,24,2,188
,7時,4395,0,3386,320,14,24,32,161
,8時,4510,0,3445,282,13,24,65,202
,9時,4496,0,3482,178,14,24,132,197
,10時,4321,0,3136,190,14,24,337,158
,11時,4221,0,2975,200,14,24,405,141
,12時,3959,0,2875,135,13,24,332,139
,13時,4061,0,3001,176,14,24,222,150
,14時,4098,0,3037,198,15,24,204,156
,15時,4204,0,3221,230,15,24,102,140
,16時,4367,0,3397,290,15,24,17,154
,17時,4541,0,3483,341,14,24,0,204
,18時,4555,0,3487,345,15,24,0,209
,19時,4430,0,3493,269,15,24,0,186
,20時,4346,0,3442,223,15,24,0,199
,21時,4279,0,3417,201,15,24,0,166
,22時,4028,0,3192,198,14,24,0,170
,23時,4024,0,3186,226,15,24,0,181
2020/2/19,0時,3974,0,3090,218,13,24,0,182
,1時,4169,0,3238,264,14,24,0,180
,2時,4403,0,3369,371,14,24,0,151
,3時,4556,0,3492,406,13,24,0,144
,4時,4603,0,3524,405,14,24,0,167
,5時,4574,0,3520,414,13,24,0,159
,6時,4569,0,3587,335,14,24,5,146
,7時,4401,0,3461,269,13,24,110,122
,8時,4354,0,3301,190,14,24,286,120
,9時,4220,0,2914,166,14,24,562,130
,10時,4090,0,2495,193,14,24,801,145
,11時,4100,0,2475,213,14,24,804,155
,12時,4023,0,2641,136,14,24,801,155
,13時,4119,0,2817,167,15,24,663,173
,14時,3949,0,2608,196,16,24,475,194
,15時,4080,0,2930,205,15,24,251,175
,16時,4249,0,3302,266,16,24,44,161
,17時,4472,0,3550,287,15,24,0,145
,18時,4494,0,3551,292,16,24,0,147
,19時,4342,0,3418,281,15,24,0,146
,20時,4221,0,3381,190,16,24,0,154
,21時,4115,0,3293,175,15,24,0,149
,22時,3918,0,3118,173,16,24,0,145
,23時,4006,0,3132,193,15,24,0,179
2020/2/20,0時,3909,0,3041,171,15,24,0,225
,1時,4054,0,3169,216,14,24,0,191
,2時,4231,0,3287,290,14,24,0,182
,3時,4346,0,3368,341,15,24,0,175
,4時,4416,0,3363,378,14,24,0,187
,5時,4377,0,3317,384,15,24,0,188
,6時,4369,0,3248,312,14,24,10,223
,7時,4119,0,2967,241,14,24,218,217
,8時,4064,0,2690,177,15,24,517,196
,9時,4043,0,2398,143,14,24,858,230
,10時,4039,0,2427,162,15,24,981,229
,11時,4067,0,2612,177,14,24,965,192
,12時,3849,0,2659,117,15,24,918,229
,13時,3984,0,2712,135,14,24,856,243
,14時,3966,0,2655,165,15,24,640,220
,15時,4024,0,2808,187,15,24,354,204
,16時,4197,0,3174,222,16,24,70,230
,17時,4418,0,3438,259,15,24,0,219
,18時,4458,0,3485,251,16,24,0,210
,19時,4380,0,3385,260,15,24,0,238
,20時,4283,0,3313,200,16,24,0,268
,21時,4194,0,3222,217,16,24,0,283
,22時,4023,0,3084,179,15,24,0,289
,23時,4048,0,3054,191,15,24,0,303
2020/2/21,0時,3934,0,2987,162,15,24,0,287
,1時,4111,0,3109,231,14,24,0,278
,2時,4257,0,3161,312,15,24,0,254
,3時,4344,0,3201,350,14,24,0,241
,4時,4440,0,3280,371,14,24,0,237
,5時,4435,0,3286,375,15,24,0,231
,6時,4425,0,3298,306,14,24,11,229
,7時,4162,0,3089,208,14,24,173,223
,8時,4144,0,2838,170,15,24,440,208
,9時,3993,0,2422,138,14,24,765,209
,10時,3892,0,2343,159,14,24,896,203
,11時,3876,0,2440,184,15,24,933,191
,12時,3707,0,2336,128,14,24,893,211
,13時,3812,0,2496,143,15,24,813,204
,14時,3875,0,2573,186,15,24,625,186
,15時,3962,0,2824,215,15,24,335,161
,16時,4142,0,3166,352,16,24,57,113
,17時,4348,0,3377,403,15,24,0,89
,18時,4367,0,3370,402,15,24,0,62
,19時,4264,0,3363,374,16,24,0,37
,20時,4171,0,3396,294,15,24,0,18
,21時,4009,0,3286,245,16,24,0,10
,22時,3803,0,3095,240,15,24,0,14
,23時,3971,0,3160,254,15,24,0,25
2020/2/22,0時,3935,0,3096,294,15,24,0,41
,1時,4108,0,3189,330,14,24,0,74
,2時,4234,0,3220,409,15,24,0,96
,3時,4273,0,3050,509,14,24,0,136
,4時,4299,0,3025,547,14,24,0,185
,5時,4215,0,2906,564,15,24,0,223
,6時,4091,0,2828,470,14,24,7,251
,7時,3882,0,2515,394,15,24,146,277
,8時,3861,0,2402,308,14,24,333,260
,9時,3879,0,2382,162,15,24,561,266
,10時,3759,0,2139,154,14,24,713,266
,11時,3717,0,2110,169,15,24,682,271
,12時,3726,0,2302,128,14,24,568,260
,13時,3797,0,2514,162,15,24,419,255
,14時,3840,0,2714,221,14,24,193,264
,15時,3901,0,2824,263,14,24,64,281
,16時,3874,0,2758,346,16,24,9,307
,17時,4102,0,2927,436,15,24,0,278
,18時,4154,0,3036,389,15,24,0,250
,19時,4022,0,2846,378,16,24,0,296
,20時,3902,0,2819,294,15,24,0,296
,21時,3823,0,2756,289,15,24,0,295
,22時,3610,0,2579,285,15,24,0,274
,23時,3752,0,2734,294,16,24,0,259
2020/2/23,0時,3737,0,2814,250,14,24,0,224
,1時,3918,0,2897,278,15,24,0,243
,2時,4010,0,2882,370,14,24,0,262
,3時,4171,0,2909,459,14,24,0,260
,4時,4265,0,2949,527,15,24,0,274
,5時,4171,0,2912,525,14,24,0,245
,6時,3988,0,2830,427,15,24,7,238
,7時,3722,0,2596,385,14,24,104,197
,8時,3755,0,2611,264,14,24,233,219
,9時,3828,0,2592,176,15,24,368,260
,10時,3808,0,2497,171,15,24,413,309
,11時,3756,0,2347,177,14,24,466,324
,12時,3726,0,2322,137,14,24,501,328
,13時,3662,0,2224,159,15,24,473,366
,14時,3694,0,2290,195,15,24,386,380
,15時,3803,0,2585,229,16,24,159,377
,16時,3858,0,2710,302,15,24,33,374
,17時,4238,0,2985,361,16,24,0,359
,18時,4388,0,3111,402,15,24,0,314
,19時,4279,0,3048,377,15,24,0,323
,20時,4147,0,3059,284,16,24,0,347
,21時,4043,0,2976,250,15,24,0,335
,22時,3853,0,2825,252,15,24,0,317
,23時,3909,0,2878,263,15,24,0,299
2020/2/24,0時,3827,0,2867,240,15,24,0,275
,1時,3985,0,2928,335,14,24,0,250
,2時,4125,0,3000,414,15,24,0,215
,3時,4212,0,3010,470,14,24,0,209
,4時,4261,0,2980,502,14,24,0,213
,5時,4216,0,2967,507,15,24,0,202
,6時,4057,0,3016,411,14,24,15,152
,7時,3766,0,2660,352,15,24,161,150
,8時,3644,0,2302,259,14,24,479,151
,9時,3549,0,1966,169,14,24,827,129
,10時,3568,0,1853,141,15,24,1022,97
,11時,3542,0,1946,159,14,24,967,71
,12時,3485,0,1986,116,15,24,926,58
,13時,3618,0,2361,138,14,24,656,44
,14時,3662,0,2578,181,14,24,407,42
,15時,3727,0,2736,249,16,24,212,46
,16時,3804,0,2890,335,15,24,43,58
,17時,4125,0,3112,377,16,24,0,91
,18時,4282,0,3315,372,15,24,0,76
,19時,4199,0,3292,341,15,24,0,73
,20時,4129,0,3336,238,16,24,0,63
,21時,4063,0,3287,216,15,24,0,75
,22時,3884,0,3131,217,15,24,0,63
,23時,3973,0,3209,225,16,24,0,77
2020/2/25,0時,3927,0,3195,199,14,24,0,78
,1時,4069,0,3265,231,15,24,0,63
,2時,4193,0,3224,318,14,24,0,60
,3時,4365,0,3156,397,14,24,0,33
,4時,4421,0,3108,466,15,24,0,28
,5時,4437,0,3159,483,14,24,0,27
,6時,4428,0,3303,364,14,24,18,24
,7時,4196,0,3213,283,15,24,199,16
,8時,4277,0,3038,220,14,24,533,17
,9時,4155,0,2730,165,14,24,874,18
,10時,3943,0,2409,143,15,24,1100,19
,11時,3880,0,2488,154,14,24,1145,26
,12時,3686,0,2552,114,15,24,1098,41
,13時,3811,0,2618,127,14,24,944,47
,14時,3859,0,2718,158,14,24,688,60
,15時,3892,0,2802,218,16,24,392,70
,16時,4066,0,3121,294,15,24,79,52
,17時,4258,0,3290,405,16,24,0,54
,18時,4354,0,3366,442,15,24,0,42
,19時,4238,0,3310,395,15,24,0,40
,20時,4109,0,3259,327,16,24,0,34
,21時,3980,0,3193,270,15,24,0,29
,22時,3826,0,3046,271,15,24,0,22
,23時,3924,0,3143,265,15,24,0,21
2020/2/26,0時,3911,0,3186,244,15,24,0,19
,1時,4063,0,3245,319,14,24,0,23
,2時,4214,0,3339,352,14,24,0,37
,3時,4333,0,3365,432,14,24,0,45
,4時,4385,0,3364,467,14,24,0,45
,5時,4413,0,3407,470,14,24,0,48
,6時,4359,0,3377,365,14,24,27,51
,7時,3994,0,2889,298,14,24,299,48
,8時,3978,0,2589,214,14,24,742,39
,9時,3992,0,2480,142,15,24,1060,33
,10時,3909,0,2285,136,14,24,1228,25
,11時,3851,0,2249,149,15,24,1280,13
,12時,3594,0,2348,111,14,24,1249,11
,13時,3690,0,2374,120,16,24,1121,14
,14時,3667,0,2428,135,15,24,899,18
,15時,3787,0,2632,183,15,24,501,15
,16時,4017,0,3079,271,16,24,120,14
,17時,4298,0,3337,359,15,24,1,17
,18時,4387,0,3456,374,16,24,0,17
,19時,4296,0,3467,328,15,24,0,10
,20時,4168,0,3400,275,15,24,0,9
,21時,4076,0,3324,258,15,24,0,8
,22時,3923,0,3182,242,15,24,0,12
,23時,4016,0,3244,246,16,24,0,18
2020/2/27,0時,3977,0,3206,257,14,24,0,17
,1時,4164,0,3326,313,14,24,0,16
,2時,4287,0,3375,346,15,24,0,21
,3時,4422,0,3366,430,14,24,0,18
,4時,4512,0,3399,458,14,24,0,15
,5時,4497,0,3381,489,14,24,0,9
,6時,4470,0,3370,377,15,24,30,10
,7時,4097,0,2963,299,14,24,315,9
,8時,4059,0,2812,194,14,24,713,5
,9時,4052,0,2690,135,14,24,980,7
,10時,3954,0,2634,145,15,24,1048,5
,11時,3889,0,2584,157,14,24,1078,17
,12時,3703,0,2591,111,14,24,1103,50
,13時,3782,0,2555,122,16,24,1058,53
,14時,3747,0,2405,153,15,24,861,72
,15時,3777,0,2574,227,15,24,502,88
,16時,4040,0,3005,323,16,24,135,82
,17時,4341,0,3390,373,15,24,2,83
,18時,4477,0,3473,384,15,24,0,71
,19時,4418,0,3472,353,15,24,0,77
,20時,4342,0,3513,296,15,24,0,56
,21時,4327,0,3542,247,16,24,0,49
,22時,4122,0,3364,234,15,24,0,48
,23時,4235,0,3432,249,15,24,0,47
2020/2/28,0時,4181,0,3418,221,14,24,0,51
,1時,4309,0,3428,290,15,24,0,54
,2時,4461,0,3522,356,14,24,0,38
,3時,4575,0,3491,454,14,24,0,30
,4時,4608,0,3487,479,14,24,0,21
,5時,4587,0,3515,483,14,24,0,26
,6時,4569,0,3555,376,15,24,24,30
,7時,4273,0,3194,281,14,24,222,25
,8時,4133,0,2822,202,14,24,592,31
,9時,4072,0,2472,162,14,24,922,27
,10時,3955,0,2500,141,14,24,1068,22
,11時,3961,0,2620,167,15,24,1107,34
,12時,3841,0,2619,107,14,24,1034,61
,13時,4001,0,2723,111,14,24,795,105
,14時,4035,0,2820,125,16,24,468,130
,15時,4301,0,3221,205,15,24,209,132
,16時,4420,0,3395,285,15,24,40,102
,17時,4540,0,3478,303,16,24,0,84
,18時,4600,0,3596,315,15,24,0,80
,19時,4452,0,3598,286,15,24,0,61
,20時,4331,0,3530,215,16,24,0,45
,21時,4217,0,3428,207,15,24,0,33
,22時,4049,0,3290,204,15,24,0,21
,23時,4167,0,3419,211,15,24,0,29
2020/2/29,0時,4128,0,3443,184,14,24,0,21
,1時,4289,0,3565,211,14,24,0,18
,2時,4410,0,3547,298,14,24,0,16
,3時,4490,0,3467,394,14,24,0,23
,4時,4573,0,3498,435,15,24,0,22
,5時,4508,0,3476,447,14,24,0,21
,6時,4343,0,3352,317,14,24,18,25
,7時,4052,0,3046,212,14,24,204,31
,8時,3995,0,2862,130,14,24,506,33
,9時,3879,0,2521,114,14,24,811,35
,10時,3720,0,2338,123,14,24,1008,47
,11時,3590,0,2217,135,14,24,1060,56
,12時,3382,0,2161,112,15,24,1037,63
,13時,3342,0,2160,147,15,24,969,75
,14時,3359,0,2259,154,15,24,767,89
,15時,3508,0,2440,181,15,24,384,102
,16時,3741,0,2809,255,16,24,92,121
,17時,4085,0,3165,288,15,24,0,149
,18時,4214,0,3250,325,15,24,0,172
,19時,4121,0,3143,319,15,24,0,205
,20時,4008,0,3092,232,15,24,0,231
,21時,3992,0,3057,230,15,24,0,252
,22時,3929,0,3021,227,15,24,0,255
,23時,4064,0,3127,240,16,24,0,266
2020/3/1,0時,4021,0,3163,226,14,28,0,290
,1時,4161,0,3284,297,14,28,0,276
,2時,4313,0,3372,373,14,28,0,281
,3時,4430,0,3334,465,14,28,0,253
,4時,4474,0,3439,484,14,28,0,253
,5時,4393,0,3358,446,14,28,0,240
,6時,4133,0,3171,350,14,28,7,219
,7時,3945,0,3306,252,15,28,46,185
,8時,3936,0,3356,195,14,28,78,170
,9時,3965,0,3393,175,14,28,99,158
,10時,3899,0,3365,182,14,28,87,132
,11時,3833,0,3281,199,14,28,86,120
,12時,3687,0,3214,156,15,28,70,108
,13時,3541,0,3050,188,14,28,61,108
,14時,3527,0,3025,195,14,28,45,130
,15時,3642,0,3126,210,14,28,25,131
,16時,3691,0,3169,232,15,28,4,127
,17時,4019,0,3373,302,15,28,0,123
,18時,4169,0,3526,327,16,28,0,122
,19時,4071,0,3437,342,15,28,0,116
,20時,3971,0,3396,294,15,28,0,113
,21時,3827,0,3310,230,15,28,0,114
,22時,3660,0,3178,216,15,28,0,104
,23時,3785,0,3232,229,16,28,0,91
2020/3/2,0時,3761,0,3256,201,14,28,0,97
,1時,3932,0,3439,227,14,28,0,104
,2時,4077,0,3460,338,14,28,0,118
,3時,4174,0,3492,404,14,28,0,124
,4時,4251,0,3499,451,15,28,0,129
,5時,4228,0,3505,426,14,28,0,137
,6時,4154,0,3446,334,14,28,14,177
,7時,4039,0,3300,255,14,28,101,196
,8時,4199,0,3447,196,14,28,178,190
,9時,4237,0,3301,151,14,28,348,185
,10時,4088,0,2979,164,14,28,480,215
,11時,4014,0,2815,164,15,28,628,221
,12時,3886,0,2736,97,14,28,659,216
,13時,3983,0,2915,111,14,28,548,220
,14時,3989,0,3023,160,14,28,388,236
,15時,4073,0,3208,229,14,28,198,251
,16時,4141,0,3355,289,15,28,60,260
,17時,4279,0,3554,305,15,28,0,255
,18時,4314,0,3502,320,15,28,0,279
,19時,4189,0,3430,256,15,28,0,284
,20時,4085,0,3402,235,15,28,0,275
,21時,4057,0,3425,204,15,28,0,255
,22時,3855,0,3260,209,15,28,0,235
,23時,3956,0,3358,220,16,28,0,213
2020/3/3,0時,3950,0,3387,196,14,28,0,198
,1時,4130,0,3584,214,14,28,0,167
,2時,4280,0,3678,259,14,28,0,159
,3時,4340,0,3670,355,14,28,0,148
,4時,4390,0,3616,430,14,28,0,140
,5時,4360,0,3568,451,14,28,0,147
,6時,4280,0,3624,318,14,28,7,139
,7時,4180,0,3563,243,15,28,53,129
,8時,4330,0,3708,187,14,28,121,135
,9時,4260,0,3569,136,14,28,251,129
,10時,4040,0,3217,138,14,28,384,125
,11時,3960,0,2995,150,14,28,506,136
,12時,3740,0,2764,95,14,28,578,137
,13時,3850,0,2861,114,15,28,575,141
,14時,3870,0,2971,171,14,28,402,155
,15時,4040,0,3220,200,14,28,265,152
,16時,4150,0,3442,243,14,28,79,158
,17時,4310,0,3579,319,15,28,0,172
,18時,4370,0,3592,375,15,28,0,160
,19時,4230,0,3567,308,15,28,0,152
,20時,4110,0,3589,227,15,28,0,112
,21時,3980,0,3492,216,16,28,0,84
,22時,3790,0,3349,218,15,28,0,71
,23時,3840,0,3335,225,15,28,0,75
2020/3/4,0時,3764,0,3309,205,14,28,0,78
,1時,3928,0,3450,225,14,28,0,79
,2時,4051,0,3531,250,14,28,0,76
,3時,4157,0,3523,370,14,28,0,73
,4時,4207,0,3499,444,14,28,0,60
,5時,4172,0,3502,424,14,28,0,47
,6時,4142,0,3534,320,14,28,32,43
,7時,4023,0,3319,260,14,28,196,52
,8時,4131,0,3300,173,14,28,385,82
,9時,4164,0,3166,105,14,28,593,105
,10時,4093,0,2909,111,15,28,777,114
,11時,4040,0,2717,132,14,28,883,126
,12時,3887,0,2602,93,14,28,885,157
,13時,3970,0,2803,109,14,28,718,171
,14時,3987,0,2943,139,15,28,519,206
,15時,4047,0,3216,182,15,28,237,220
,16時,4119,0,3359,286,15,28,55,230
,17時,4220,0,3373,363,15,28,0,278
,18時,4262,0,3422,368,15,28,0,269
,19時,4172,0,3416,261,16,28,0,292
,20時,4017,0,3327,232,15,28,0,291
,21時,3946,0,3235,227,15,28,0,316
,22時,3936,0,3241,233,15,28,0,318
,23時,4076,0,3345,240,15,28,0,343
2020/3/5,0時,4054,0,3337,219,15,28,0,352
,1時,4262,0,3526,265,14,28,0,312
,2時,4395,0,3597,310,14,28,0,273
,3時,4466,0,3638,373,14,28,0,242
,4時,4548,0,3654,442,14,28,0,228
,5時,4494,0,3616,467,15,28,0,220
,6時,4441,0,3643,397,14,28,2,210
,7時,4275,0,3518,314,14,28,9,240
,8時,4484,0,3764,292,14,28,14,221
,9時,4562,0,3893,265,14,28,25,215
,10時,4452,0,3755,273,15,28,31,223
,11時,4509,0,3801,281,14,28,39,187
,12時,4422,0,3841,212,14,28,32,152
,13時,4605,0,3997,242,14,28,25,153
,14時,4578,0,3929,320,14,28,19,152
,15時,4564,0,3888,342,15,28,10,151
,16時,4378,0,3695,336,15,28,2,164
,17時,4455,0,3675,385,15,28,0,199
,18時,4494,0,3633,395,15,28,0,246
,19時,4307,0,3468,356,15,28,0,270
,20時,4230,0,3503,270,15,28,0,264
,21時,4123,0,3425,272,16,28,0,254
,22時,3911,0,3223,276,15,28,0,243
,23時,3980,0,3242,288,15,28,0,268
2020/3/6,0時,3908,0,3216,265,14,28,0,298
,1時,4070,0,3303,286,14,28,0,291
,2時,4190,0,3338,365,14,28,0,324
,3時,4307,0,3367,446,14,28,0,323
,4時,4354,0,3339,509,15,28,0,301
,5時,4309,0,3305,504,14,28,0,295
,6時,4257,0,3358,406,14,28,10,287
,7時,4076,0,3289,296,14,28,59,279
,8時,4154,0,3314,241,14,28,154,271
,9時,4145,0,3148,211,14,28,339,272
,10時,3993,0,2867,199,15,28,515,256
,11時,3885,0,2701,179,14,28,620,234
,12時,3666,0,2670,116,14,28,670,262
,13時,3778,0,2645,137,14,28,639,261
,14時,3763,0,2660,167,14,28,515,244
,15時,3861,0,2936,232,14,28,322,198
,16時,4018,0,3266,324,15,28,115,152
,17時,4206,0,3507,373,16,28,1,149
,18時,4309,0,3578,371,15,28,0,121
,19時,4130,0,3555,286,15,28,0,117
,20時,3996,0,3521,222,15,28,0,103
,21時,3893,0,3429,227,15,28,0,82
,22時,3728,0,3284,222,15,28,0,66
,23時,3869,0,3431,229,15,28,0,54
2020/3/7,0時,3830,0,3413,215,14,28,0,49
,1時,3983,0,3558,234,14,28,0,40
,2時,4101,0,3650,250,14,28,0,39
,3時,4225,0,3679,347,14,28,0,38
,4時,4290,0,3694,406,14,28,0,31
,5時,4179,0,3528,385,14,28,0,30
,6時,3959,0,3258,296,14,28,60,24
,7時,3597,0,2754,214,14,28,338,15
,8時,3520,0,2436,177,14,28,696,16
,9時,3496,0,2207,158,14,28,996,16
,10時,3414,0,1929,167,14,28,1170,14
,11時,3348,0,1879,183,15,28,1225,15
,12時,3257,0,1964,125,14,28,1224,15
,13時,3213,0,2007,154,14,28,1115,18
,14時,3209,0,2114,179,14,28,907,16
,15時,3320,0,2396,199,15,28,559,17
,16時,3557,0,2884,258,15,28,191,21
,17時,3866,0,3233,288,15,28,3,19
,18時,4024,0,3305,319,15,28,0,37
,19時,3953,0,3327,267,15,28,0,44
,20時,3830,0,3282,213,16,28,0,47
,21時,3715,0,3258,219,14,28,0,51
,22時,3600,0,3145,219,15,28,0,65
,23時,3678,0,3191,223,15,28,0,103
2020/3/8,0時,3629,0,3119,200,15,28,0,126
,1時,3794,0,3214,262,14,28,0,138
,2時,3894,0,3273,293,14,28,0,144
,3時,3954,0,3114,382,14,28,0,174
,4時,4029,0,2950,442,14,28,0,184
,5時,3926,0,2952,420,14,28,0,185
,6時,3709,0,2946,338,14,28,28,179
,7時,3451,0,2773,232,14,28,136,191
,8時,3291,0,2538,174,14,28,369,180
,9時,3287,0,2221,159,14,28,635,165
,10時,3350,0,2206,139,15,28,806,140
,11時,3261,0,2111,153,14,28,969,139
,12時,3125,0,2227,110,14,28,964,127
,13時,3061,0,2247,139,14,28,901,141
,14時,3046,0,2211,164,14,28,791,129
,15時,3138,0,2339,197,14,28,484,101
,16時,3337,0,2645,289,15,28,171,73
,17時,3670,0,2947,334,15,28,3,82
,18時,3874,0,3010,390,15,28,0,100
,19時,3835,0,3093,381,15,28,0,108
,20時,3711,0,3013,341,15,28,0,125
,21時,3591,0,2980,297,15,28,0,128
,22時,3432,0,2843,278,15,28,0,135
,23時,3555,0,2954,290,15,28,0,139
2020/3/9,0時,3545,0,2946,263,14,28,0,143
,1時,3709,0,3132,282,14,28,0,129
,2時,3822,0,3118,366,14,28,0,133
,3時,3917,0,3149,426,14,28,0,122
,4時,4036,0,3141,474,14,28,0,113
,5時,4009,0,3168,482,14,28,0,107
,6時,3941,0,3156,362,14,28,41,105
,7時,3791,0,3007,278,14,28,215,126
,8時,3869,0,2935,222,14,28,388,140
,9時,3995,0,2888,150,14,28,643,141
,10時,3923,0,2693,149,14,28,788,140
,11時,3807,0,2523,160,14,28,854,143
,12時,3501,0,2259,114,14,28,921,147
,13時,3593,0,2425,122,14,28,790,148
,14時,3588,0,2581,134,14,28,592,142
,15時,3646,0,2828,173,15,28,366,135
,16時,3755,0,3096,250,14,28,127,136
,17時,3904,0,3240,341,15,28,1,135
,18時,3991,0,3289,366,15,28,0,117
,19時,3882,0,3234,371,15,28,0,82
,20時,3717,0,3236,264,15,28,0,60
,21時,3593,0,3166,237,15,28,0,46
,22時,3439,0,3021,231,15,28,0,42
,23時,3534,0,3092,234,15,28,0,45
2020/3/10,0時,3448,0,3066,215,15,28,0,25
,1時,3590,0,3130,283,14,28,0,20
,2時,3740,0,3155,373,14,28,0,20
,3時,3850,0,3169,418,14,28,0,23
,4時,3914,0,3183,465,14,28,0,21
,5時,3909,0,3197,433,14,28,0,30
,6時,3841,0,3196,340,14,28,40,36
,7時,3740,0,3066,295,14,28,182,42
,8時,3968,0,3165,244,14,28,331,57
,9時,4123,0,3243,196,14,28,449,66
,10時,4041,0,3119,198,14,28,461,98
,11時,4047,0,3135,229,14,28,394,107
,12時,3876,0,3009,187,13,28,328,179
,13時,4072,0,3244,213,14,28,216,208
,14時,4048,0,3345,215,14,28,133,202
,15時,4036,0,3304,256,14,28,73,240
,16時,4042,0,3257,325,15,28,22,290
,17時,4070,0,3172,398,15,28,0,333
,18時,4058,0,3138,417,15,28,0,333
,19時,3918,0,3021,423,15,28,0,316
,20時,3759,0,2924,396,14,28,0,307
,21時,3615,0,2831,393,15,28,0,248
,22時,3398,0,2668,411,15,28,0,197
,23時,3473,0,2751,444,15,28,0,156
2020/3/11,0時,3386,0,2703,438,14,28,0,149
,1時,3538,0,2814,466,14,28,0,123
,2時,3692,0,2970,471,14,28,0,115
,3時,3794,0,3009,496,14,28,0,131
,4時,3878,0,3034,496,14,28,0,170
,5時,3877,0,2998,496,14,28,0,198
,6時,3804,0,2879,483,13,28,40,236
,7時,3678,0,2621,454,14,28,176,264
,8時,3864,0,2578,460,14,28,396,262
,9時,3993,0,2428,463,14,28,673,261
,10時,3934,0,2365,441,15,28,806,267
,11時,3970,0,2352,458,14,28,922,278
,12時,3804,0,2325,442,15,28,828,285
,13時,3952,0,2448,468,14,28,695,296
,14時,3941,0,2487,486,15,28,557,270
,15時,3942,0,2640,507,14,28,373,268
,16時,3957,0,2855,530,15,28,134,255
,17時,4115,0,3017,563,16,28,4,224
,18時,4265,0,3182,574,15,28,0,205
,19時,4163,0,3123,562,16,28,0,199
,20時,4046,0,3105,504,15,28,0,212
,21時,4002,0,3106,490,16,28,0,202
,22時,3850,0,3010,480,15,28,0,163
,23時,3929,0,3101,486,16,28,0,160
2020/3/12,0時,3855,0,3078,443,14,28,0,166
,1時,4029,0,3228,488,15,28,0,158
,2時,4150,0,3226,517,14,28,0,185
,3時,4236,0,3156,527,14,28,0,173
,4時,4306,0,3157,516,15,28,0,151
,5時,4199,0,3145,508,14,28,0,189
,6時,4027,0,3056,474,14,28,55,193
,7時,3876,0,2903,399,14,28,172,200
,8時,3876,0,2767,367,15,28,329,221
,9時,3911,0,2508,337,14,28,697,234
,10時,3886,0,2424,301,14,28,943,241
,11時,3785,0,2239,309,15,28,1109,256
,12時,3511,0,1995,286,14,28,1157,273
,13時,3552,0,1964,305,14,28,1135,311
,14時,3471,0,1950,320,14,28,918,322
,15時,3516,0,2191,345,14,28,621,306
,16時,3711,0,2641,392,16,28,236,272
,17時,3905,0,2953,497,15,28,11,253
,18時,4059,0,3095,505,15,28,0,243
,19時,3944,0,3032,481,15,28,0,241
,20時,3748,0,2912,393,15,28,0,271
,21時,3608,0,2820,319,15,28,0,278
,22時,3482,0,2763,301,15,28,0,252
,23時,3581,0,2846,298,15,28,0,270
2020/3/13,0時,3538,0,2772,315,14,28,0,285
,1時,3671,0,2778,421,14,28,0,294
,2時,3760,0,2829,479,14,28,0,276
,3時,3828,0,2856,505,14,28,0,260
,4時,3919,0,2912,539,14,28,0,270
,5時,3948,0,2968,506,14,28,0,265
,6時,3966,0,3021,474,14,28,50,239
,7時,3853,0,2840,391,14,28,161,278
,8時,3973,0,2786,374,14,28,329,305
,9時,3989,0,2584,338,14,28,510,354
,10時,4018,0,2601,302,15,28,537,384
,11時,3964,0,2616,314,14,28,506,376
,12時,3762,0,2246,267,14,28,754,365
,13時,3824,0,2122,310,14,28,914,326
,14時,3638,0,2055,323,15,28,730,367
,15時,3685,0,2306,338,15,28,521,362
,16時,3877,0,2729,430,15,28,213,338
,17時,4047,0,3035,467,15,28,10,345
,18時,4207,0,3175,486,16,28,0,324
,19時,4092,0,3120,459,15,28,0,298
,20時,3944,0,3076,368,14,28,0,293
,21時,3841,0,3016,352,15,28,0,273
,22時,3677,0,2938,326,15,28,0,238
,23時,3778,0,2946,319,15,28,0,219
2020/3/14,0時,3725,0,2975,294,14,28,0,184
,1時,3855,0,3076,337,14,28,0,177
,2時,3986,0,3121,431,14,28,0,145
,3時,4101,0,3093,496,14,28,0,109
,4時,4176,0,3131,546,14,28,0,65
,5時,4096,0,3162,503,14,28,0,31
,6時,3833,0,2969,418,14,28,111,30
,7時,3444,0,2560,309,14,28,454,38
,8時,3364,0,2438,270,14,28,783,78
,9時,3433,0,2432,257,14,28,1007,115
,10時,3475,0,2323,248,14,28,1188,141
,11時,3473,0,2268,246,14,28,1306,160
,12時,3320,0,2128,210,14,28,1269,168
,13時,3223,0,2078,258,16,28,1130,145
,14時,3124,0,2199,273,15,28,883,123
,15時,3205,0,2346,296,15,28,593,83
,16時,3406,0,2688,330,15,28,229,66
,17時,3729,0,2965,453,15,28,10,33
,18時,3924,0,3025,508,15,28,0,22
,19時,3840,0,2980,478,15,28,0,23
,20時,3721,0,2997,378,15,28,0,20
,21時,3613,0,2950,326,15,28,0,18
,22時,3489,0,2922,323,15,28,0,9
,23時,3611,0,3000,317,14,28,0,5
2020/3/15,0時,3575,0,3062,265,14,28,0,4
,1時,3759,0,3107,300,14,28,0,6
,2時,3886,0,3079,380,14,28,0,7
,3時,4024,0,3079,467,14,28,0,9
,4時,4075,0,3118,503,14,28,0,12
,5時,3961,0,3081,497,14,28,0,14
,6時,3642,0,2846,410,14,28,94,12
,7時,3174,0,2241,344,14,28,467,9
,8時,2985,0,1939,218,14,28,796,10
,9時,2994,0,1864,204,14,28,999,15
,10時,3007,0,1920,215,14,28,1140,24
,11時,3025,0,1875,216,14,28,1212,35
,12時,3035,0,1943,177,14,28,1201,37
,13時,2928,0,1911,226,14,28,1080,37
,14時,2823,0,1933,237,15,28,861,54
,15時,2935,0,2256,267,15,28,569,34
,16時,3155,0,2569,306,16,28,226,28
,17時,3525,0,2922,394,15,28,12,19
,18時,3775,0,3102,426,15,28,0,14
,19時,3734,0,3128,385,15,28,0,14
,20時,3635,0,3081,317,15,28,0,21
,21時,3494,0,3015,271,15,28,0,30
,22時,3355,0,2917,262,15,28,0,28
,23時,3503,0,3030,270,15,28,0,30
2020/3/16,0時,3479,0,3047,245,14,28,0,38
,1時,3643,0,3145,302,14,28,0,41
,2時,3787,0,3168,403,14,28,0,49
,3時,3905,0,3187,479,14,28,0,50
,4時,3997,0,3262,500,14,28,0,42
,5時,4035,0,3321,485,14,28,0,39
,6時,3978,0,3269,408,14,28,69,39
,7時,3817,0,3075,316,14,28,226,35
,8時,3820,0,2850,254,14,28,507,46
,9時,3778,0,2667,191,14,28,675,67
,10時,3736,0,2483,187,14,28,823,100
,11時,3763,0,2416,193,14,28,896,123
,12時,3654,0,2395,165,15,28,984,142
,13時,3719,0,2376,193,15,28,862,151
,14時,3699,0,2469,211,15,28,704,170
,15時,3812,0,2817,258,15,28,426,155
,16時,3901,0,3095,338,15,28,153,146
,17時,4093,0,3372,396,15,28,8,140
,18時,4241,0,3483,450,15,28,0,122
,19時,4100,0,3383,423,15,28,0,119
,20時,3941,0,3328,336,14,28,0,113
,21時,3825,0,3284,273,15,28,0,99
,22時,3598,0,3094,264,15,28,0,99
,23時,3729,0,3177,269,15,28,0,89
2020/3/17,0時,3666,0,3138,248,14,28,0,117
,1時,3818,0,3154,277,14,28,0,137
,2時,3906,0,3127,399,14,28,0,175
,3時,4015,0,3141,464,14,28,0,177
,4時,4115,0,3173,489,14,28,0,171
,5時,4041,0,3132,477,13,28,0,176
,6時,3982,0,3006,419,15,28,70,172
,7時,3727,0,2838,299,13,28,249,178
,8時,3616,0,2419,192,14,28,658,198
,9時,3783,0,2253,170,15,28,1056,222
,10時,3790,0,2287,174,14,28,1134,200
,11時,3774,0,2400,177,14,28,1146,203
,12時,3613,0,2453,155,14,28,1041,192
,13時,3670,0,2481,172,14,28,887,214
,14時,3590,0,2402,202,14,28,769,219
,15時,3673,0,2616,248,15,28,446,214
,16時,3814,0,2941,325,15,28,177,181
,17時,3910,0,3017,388,15,28,10,151
,18時,4051,0,3072,452,16,28,0,111
,19時,3932,0,3129,418,15,28,0,86
,20時,3804,0,3172,339,15,28,0,78
,21時,3690,0,3157,261,15,28,0,73
,22時,3459,0,2976,255,15,28,0,68
,23時,3545,0,3042,265,15,28,0,72
2020/3/18,0時,3465,0,2996,244,14,28,0,68
,1時,3608,0,3082,299,14,28,0,54
,2時,3758,0,3082,396,15,28,0,50
,3時,3853,0,3017,476,14,28,0,57
,4時,3938,0,2952,505,14,28,0,52
,5時,3886,0,2947,493,14,28,1,64
,6時,3726,0,2908,397,14,28,114,73
,7時,3432,0,2499,290,14,28,428,70
,8時,3440,0,2208,201,14,28,812,92
,9時,3498,0,1954,179,15,28,1071,141
,10時,3459,0,1901,166,14,28,1183,162
,11時,3518,0,1981,177,15,28,1245,164
,12時,3323,0,1977,151,14,28,1273,150
,13時,3361,0,1859,167,14,28,1256,172
,14時,3265,0,1934,170,14,28,1016,184
,15時,3308,0,2221,229,15,28,652,207
,16時,3463,0,2513,292,15,28,270,251
,17時,3673,0,2886,350,15,28,19,229
,18時,3841,0,2979,398,16,28,0,249
,19時,3759,0,2927,399,15,28,0,245
,20時,3615,0,2852,351,15,28,0,239
,21時,3464,0,2722,288,16,28,0,278
,22時,3276,0,2600,249,15,28,0,284
,23時,3381,0,2703,260,15,28,0,259
2020/3/19,0時,3365,0,2713,282,15,28,0,220
,1時,3496,0,2805,370,14,28,0,195
,2時,3609,0,2811,466,14,28,0,175
,3時,3726,0,2807,522,15,28,0,176
,4時,3795,0,2800,531,14,28,0,171
,5時,3754,0,2788,519,14,28,1,186
,6時,3596,0,2718,337,14,28,133,197
,7時,3337,0,2336,234,14,28,459,203
,8時,3425,0,2141,188,15,28,788,202
,9時,3488,0,2036,175,14,28,943,206
,10時,3443,0,1940,170,14,28,1099,223
,11時,3541,0,2127,178,14,28,1110,234
,12時,3305,0,2150,129,15,28,1066,241
,13時,3265,0,1937,138,14,28,1047,278
,14時,3162,0,1792,185,14,28,890,293
,15時,3276,0,2042,229,15,28,581,309
,16時,3471,0,2488,298,14,28,219,300
,17時,3587,0,2645,387,15,28,13,276
,18時,3712,0,2692,408,16,28,0,252
,19時,3628,0,2701,408,15,28,0,222
,20時,3450,0,2609,349,15,28,0,231
,21時,3336,0,2518,341,16,28,0,253
,22時,3198,0,2386,299,15,28,0,285
,23時,3270,0,2452,303,15,28,0,315
2020/3/20,0時,3247,0,2408,287,14,28,0,319
,1時,3388,0,2536,376,14,28,0,268
,2時,3463,0,2579,409,15,28,0,277
,3時,3512,0,2442,529,14,28,0,276
,4時,3573,0,2337,574,14,28,0,275
,5時,3532,0,2407,544,14,28,0,252
,6時,3413,0,2549,423,14,28,58,191
,7時,3280,0,2444,314,14,28,165,238
,8時,3433,0,2542,223,14,28,322,225
,9時,3534,0,2597,209,14,28,368,203
,10時,3494,0,2492,215,14,28,431,195
,11時,3459,0,2561,215,15,28,474,215
,12時,3376,0,2455,197,14,28,604,213
,13時,3280,0,2259,236,14,28,685,197
,14時,3233,0,2259,264,14,28,606,198
,15時,3275,0,2437,299,15,28,357,215
,16時,3395,0,2607,366,16,28,151,204
,17時,3627,0,2830,439,15,28,13,199
,18時,3808,0,2958,410,15,28,0,215
,19時,3754,0,2967,380,15,28,0,245
,20時,3658,0,2893,353,16,28,0,288
,21時,3575,0,2834,322,15,28,0,311
,22時,3436,0,2707,313,15,28,0,325
,23時,3477,0,2805,300,15,28,0,306
2020/3/21,0時,3348,0,2667,295,14,28,0,339
,1時,3478,0,2662,353,15,28,0,348
,2時,3558,0,2588,437,14,28,0,368
,3時,3586,0,2525,498,14,28,0,384
,4時,3636,0,2514,540,14,28,0,379
,5時,3553,0,2465,496,15,28,1,372
,6時,3415,0,2447,383,14,28,148,360
,7時,3108,0,2011,272,14,28,483,340
,8時,3104,0,1688,225,14,28,844,354
,9時,3159,0,1586,205,14,28,1126,349
,10時,3141,0,1523,206,15,28,1274,318
,11時,3167,0,1566,204,14,28,1346,296
,12時,3055,0,1537,177,14,28,1318,285
,13時,2938,0,1479,244,14,28,1205,293
,14時,2899,0,1599,266,15,28,937,284
,15時,3009,0,1778,301,15,28,537,281
,16時,3119,0,2163,321,15,28,225,256
,17時,3340,0,2522,424,15,28,17,219
,18時,3579,0,2746,446,16,28,0,168
,19時,3520,0,2775,406,15,28,0,145
,20時,3375,0,2711,349,15,28,0,136
,21時,3268,0,2664,285,15,28,0,136
,22時,3108,0,2510,279,16,28,0,134
,23時,3221,0,2625,291,15,28,0,123
2020/3/22,0時,3167,0,2634,259,14,28,0,89
,1時,3304,0,2739,292,14,28,0,65
,2時,3407,0,2723,344,14,28,0,70
,3時,3472,0,2634,476,14,28,0,80
,4時,3551,0,2682,498,15,28,0,79
,5時,3481,0,2717,489,14,28,3,67
,6時,3201,0,2435,405,14,28,168,45
,7時,2871,0,2045,294,14,28,559,31
,8時,2788,0,1655,217,14,28,942,32
,9時,2853,0,1518,220,15,28,1232,40
,10時,2875,0,1404,214,14,28,1366,51
,11時,2931,0,1430,211,14,28,1405,50
,12時,2926,0,1531,189,14,28,1328,41
,13時,2740,0,1462,260,14,28,1061,49
,14時,2764,0,1635,265,14,28,835,56
,15時,2869,0,1985,297,14,28,430,48
,16時,2998,0,2337,360,15,28,154,40
,17時,3294,0,2594,473,16,28,11,42
,18時,3530,0,2753,488,15,28,0,39
,19時,3467,0,2812,427,15,28,0,42
,20時,3375,0,2803,360,15,28,0,50
,21時,3218,0,2716,288,15,28,0,55
,22時,3029,0,2551,260,16,28,0,73
,23時,3137,0,2644,265,15,28,0,83
2020/3/23,0時,3095,0,2625,221,14,28,0,110
,1時,3245,0,2693,284,14,28,0,119
,2時,3371,0,2745,344,14,28,0,124
,3時,3466,0,2742,478,14,28,0,99
,4時,3574,0,2779,520,14,28,0,97
,5時,3573,0,2792,507,15,28,2,89
,6時,3510,0,2698,427,14,28,129,84
,7時,3293,0,2343,330,14,28,383,90
,8時,3431,0,2287,216,14,28,729,85
,9時,3641,0,2333,213,14,28,936,91
,10時,3650,0,2274,204,14,28,925,110
,11時,3775,0,2368,219,15,28,926,119
,12時,3601,0,2427,193,14,28,870,152
,13時,3684,0,2386,266,14,28,783,141
,14時,3704,0,2476,275,14,28,644,173
,15時,3781,0,2765,316,14,28,355,161
,16時,3826,0,2924,370,15,28,131,174
,17時,3958,0,3090,447,15,28,14,161
,18時,4072,0,3207,493,16,28,0,123
,19時,3945,0,3170,469,15,28,0,110
,20時,3800,0,3096,435,15,28,0,92
,21時,3658,0,3030,373,15,28,0,86
,22時,3409,0,2843,318,15,28,0,102
,23時,3448,0,2861,339,15,28,0,95
2020/3/24,0時,3371,0,2826,323,14,28,0,79
,1時,3526,0,2962,361,14,28,0,60
,2時,3638,0,3037,404,14,28,0,60
,3時,3727,0,2974,539,14,28,0,72
,4時,3789,0,2989,572,14,28,0,75
,5時,3774,0,2983,564,14,28,1,59
,6時,3753,0,2991,485,14,28,88,47
,7時,3749,0,2904,372,14,28,271,54
,8時,3809,0,2826,243,14,28,524,56
,9時,3767,0,2543,188,14,28,807,73
,10時,3725,0,2320,178,14,28,983,93
,11時,3762,0,2326,187,14,28,994,126
,12時,3446,0,2181,160,14,28,851,135
,13時,3568,0,2233,228,14,28,826,149
,14時,3547,0,2268,254,15,28,706,184
,15時,3661,0,2594,293,15,28,429,191
,16時,3751,0,2818,410,15,28,172,195
,17時,3895,0,3055,465,15,28,15,181
,18時,4047,0,3156,488,15,28,0,143
,19時,3927,0,3141,459,15,28,0,137
,20時,3757,0,3038,383,15,28,0,154
,21時,3588,0,2917,325,15,28,0,148
,22時,3339,0,2759,284,15,28,0,142
,23時,3433,0,2803,293,15,28,0,122
2020/3/25,0時,3391,0,2804,282,14,28,0,118
,1時,3533,0,2838,331,14,28,0,119
,2時,3625,0,2867,387,14,28,0,110
,3時,3725,0,2867,514,14,28,0,106
,4時,3773,0,2862,557,14,28,0,114
,5時,3756,0,2775,547,14,28,2,112
,6時,3629,0,2663,410,14,28,124,101
,7時,3405,0,2411,269,14,28,519,98
,8時,3436,0,2046,216,14,28,925,113
,9時,3519,0,1954,194,14,28,1238,157
,10時,3564,0,1788,182,14,28,1410,204
,11時,3555,0,1873,195,14,28,1448,246
,12時,3287,0,1795,177,15,28,1335,255
,13時,3373,0,1906,214,14,28,1226,249
,14時,3307,0,1898,228,14,28,961,242
,15時,3327,0,2145,249,15,28,635,232
,16時,3482,0,2416,333,16,28,288,220
,17時,3641,0,2694,425,15,28,26,196
,18時,3822,0,2876,462,15,28,2,194
,19時,3763,0,2891,438,15,28,0,196
,20時,3597,0,2845,376,16,28,0,187
,21時,3430,0,2763,309,15,28,0,193
,22時,3277,0,2626,309,15,28,0,193
,23時,3316,0,2653,311,16,28,0,188
2020/3/26,0時,3260,0,2633,276,14,28,0,185
,1時,3371,0,2677,336,14,28,0,180
,2時,3470,0,2683,386,14,28,0,214
,3時,3557,0,2571,533,14,28,0,220
,4時,3606,0,2508,576,14,28,0,231
,5時,3605,0,2490,552,15,28,6,209
,6時,3480,0,2415,395,14,28,194,195
,7時,3274,0,2024,273,14,28,580,174
,8時,3455,0,1866,213,14,28,946,164
,9時,3548,0,1851,197,14,28,1147,145
,10時,3499,0,1818,175,15,28,1224,126
,11時,3483,0,1821,177,14,28,1340,128
,12時,3266,0,1906,164,14,28,1303,146
,13時,3340,0,1983,225,14,28,1221,140
,14時,3282,0,2068,249,15,28,1008,129
,15時,3294,0,2211,277,14,28,602,98
,16時,3437,0,2561,376,15,28,245,91
,17時,3613,0,2852,480,15,28,22,62
,18時,3810,0,2941,537,16,28,0,41
,19時,3742,0,2955,511,15,28,0,24
,20時,3581,0,2928,441,15,28,0,11
,21時,3460,0,2890,377,15,28,0,12
,22時,3231,0,2766,348,15,28,0,19
,23時,3291,0,2758,343,15,28,0,28
2020/3/27,0時,3239,0,2757,289,14,28,0,26
,1時,3368,0,2864,312,15,28,0,32
,2時,3448,0,2856,372,14,28,0,41
,3時,3548,0,2788,473,14,28,0,63
,4時,3604,0,2721,556,14,28,0,94
,5時,3492,0,2557,536,14,28,6,142
,6時,3429,0,2485,386,14,28,158,174
,7時,3330,0,2251,297,15,28,453,185
,8時,3479,0,2193,228,14,28,738,208
,9時,3516,0,1952,215,14,28,1001,226
,10時,3541,0,1747,200,14,28,1249,220
,11時,3639,0,1940,194,14,28,1094,238
,12時,3468,0,1971,177,14,28,870,252
,13時,3677,0,2216,238,14,28,637,245
,14時,3612,0,2395,281,14,28,382,230
,15時,3606,0,2487,330,15,28,213,224
,16時,3589,0,2568,427,15,28,73,218
,17時,3649,0,2623,519,15,28,6,214
,18時,3724,0,2684,555,15,28,0,208
,19時,3609,0,2771,498,15,28,0,178
,20時,3477,0,2768,385,15,28,0,143
,21時,3374,0,2743,330,15,28,0,123
,22時,3167,0,2526,318,15,28,0,153
,23時,3229,0,2595,316,15,28,0,186
2020/3/28,0時,3167,0,2455,285,14,28,0,297
,1時,3300,0,2562,350,14,28,0,325
,2時,3454,0,2650,389,15,28,0,336
,3時,3527,0,2606,469,14,28,0,374
,4時,3592,0,2583,495,14,28,0,396
,5時,3551,0,2530,421,14,28,4,377
,6時,3380,0,2387,359,14,28,164,339
,7時,3161,0,2007,316,14,28,431,345
,8時,3192,0,1778,309,14,28,830,349
,9時,3355,0,1612,297,15,28,1080,357
,10時,3286,0,1396,279,14,28,1250,366
,11時,3332,0,1435,286,14,28,1368,357
,12時,3147,0,1385,262,14,28,1392,344
,13時,3140,0,1445,300,14,28,1306,342
,14時,3054,0,1532,304,15,28,1072,371
,15時,3021,0,1572,330,15,28,700,370
,16時,3202,0,1962,394,15,28,291,364
,17時,3454,0,2282,514,15,28,24,355
,18時,3675,0,2504,569,15,28,0,345
,19時,3591,0,2536,572,15,28,0,333
,20時,3470,0,2551,509,15,28,0,312
,21時,3344,0,2524,452,16,28,0,298
,22時,3152,0,2402,411,15,28,0,298
,23時,3222,0,2457,396,15,28,0,281
2020/3/29,0時,3153,0,2419,354,14,28,0,270
,1時,3248,0,2472,423,14,28,0,250
,2時,3376,0,2609,452,14,28,0,213
,3時,3472,0,2667,498,14,28,0,174
,4時,3530,0,2739,508,14,28,0,155
,5時,3448,0,2664,482,14,28,7,145
,6時,3218,0,2378,453,14,28,175,143
,7時,2962,0,2089,426,14,28,512,144
,8時,2883,0,1950,385,14,28,888,148
,9時,2985,0,1678,378,14,28,1188,154
,10時,2948,0,1515,345,14,28,1366,156
,11時,2966,0,1492,328,14,28,1434,149
,12時,2908,0,1480,301,15,28,1387,151
,13時,2903,0,1551,347,14,28,1221,154
,14時,2810,0,1714,357,14,28,919,164
,15時,2788,0,1872,424,15,28,621,164
,16時,2896,0,2055,470,15,28,271,161
,17時,3191,0,2266,559,16,28,33,146
,18時,3518,0,2568,574,15,28,0,130
,19時,3529,0,2741,536,15,28,0,128
,20時,3454,0,2724,482,15,28,0,116
,21時,3324,0,2719,398,15,28,0,114
,22時,3168,0,2785,319,15,28,0,120
,23時,3266,0,2761,327,15,28,0,116
2020/3/30,0時,3186,0,2606,317,14,28,0,122
,1時,3291,0,2631,400,14,28,0,120
,2時,3437,0,2663,437,14,28,0,112
,3時,3550,0,2662,506,14,28,0,99
,4時,3626,0,2661,550,14,28,0,104
,5時,3590,0,2793,485,14,28,10,123
,6時,3423,0,2611,456,14,28,229,138
,7時,3320,0,2448,408,15,28,696,136
,8時,3490,0,2317,343,14,28,1129,139
,9時,3619,0,2178,322,14,28,1379,147
,10時,3618,0,1969,280,14,28,1516,152
,11時,3599,0,1935,283,14,28,1538,159
,12時,3337,0,1882,256,14,28,1517,169
,13時,3394,0,1969,319,14,28,1419,188
,14時,3309,0,1981,404,14,28,1188,195
,15時,3323,0,2279,462,15,28,783,196
,16時,3451,0,2634,514,15,28,345,186
,17時,3512,0,2700,532,15,28,36,166
,18時,3741,0,2749,556,15,28,0,153
,19時,3659,0,2705,537,15,28,0,157
,20時,3516,0,2659,485,15,28,0,159
,21時,3346,0,2601,432,16,28,0,161
,22時,3151,0,2537,392,15,28,0,149
,23時,3215,0,2602,394,15,28,0,143
2020/3/31,0時,3166,0,2533,361,13,28,0,140
,1時,3294,0,2598,416,13,28,0,135
,2時,3429,0,2688,457,13,28,0,136
,3時,3487,0,2643,518,13,28,0,137
,4時,3562,0,2669,572,13,28,0,134
,5時,3519,0,2650,549,13,28,12,134
,6時,3340,0,2433,495,14,28,239,132
,7時,3177,0,1995,392,13,28,719,128
,8時,3354,0,1866,357,13,28,1125,129
,9時,3453,0,1711,315,13,28,1387,136
,10時,3410,0,1722,291,13,28,1520,140
,11時,3377,0,1656,283,13,28,1555,154
,12時,3122,0,1649,258,13,28,1511,154
,13時,3152,0,1774,306,13,28,1399,161
,14時,3057,0,1728,326,13,28,1121,166
,15時,3127,0,1926,370,13,28,704,160
,16時,3304,0,2248,434,15,28,299,166
,17時,3462,0,2627,521,14,28,28,172
,18時,3678,0,2758,558,14,28,0,160
,19時,3627,0,2619,551,14,28,0,167
,20時,3484,0,2536,503,14,28,0,193
,21時,3291,0,2461,426,14,28,0,248
,22時,3027,0,2247,382,14,28,0,278
,23時,3061,0,2286,369,14,28,0,247
,,,,,,,,,
,,,,,,,,,
,,,,,,,,,
