DATE_TIME,エリア需要〔MWh〕,原子力〔MWh〕,火力〔MWh〕,水力〔MWh〕,地熱〔MWh〕,バイオマス〔MWh〕,実績〔MWh〕,実績〔MWh〕
2023/10/1 0:00,7625,4109,4123,235,149,570,0,21
2023/10/1 1:00,7225,4109,3697,230,148,568,0,25
2023/10/1 2:00,7232,4107,3692,233,148,568,0,26
2023/10/1 3:00,7522,4106,3748,350,148,567,0,34
2023/10/1 4:00,7827,4101,3817,524,148,566,0,31
2023/10/1 5:00,7992,4103,3533,475,148,562,0,36
2023/10/1 6:00,7621,4107,3151,412,149,537,106,36
2023/10/1 7:00,7508,4110,3053,293,149,473,1036,34
2023/10/1 8:00,7850,4111,2779,250,151,468,1873,31
2023/10/1 9:00,8416,4113,2528,230,151,467,2889,29
2023/10/1 10:00,8803,4112,2386,221,151,469,4199,29
2023/10/1 11:00,9003,4111,2381,240,151,472,5030,37
2023/10/1 12:00,9310,4109,2460,215,151,470,5401,48
2023/10/1 13:00,9178,4108,2526,213,151,470,4633,41
2023/10/1 14:00,9030,4108,2489,212,151,472,4133,43
2023/10/1 15:00,9012,4105,2524,284,151,470,3703,55
2023/10/1 16:00,8997,4109,3298,335,151,484,2337,64
2023/10/1 17:00,9066,4097,4467,623,151,547,575,80
2023/10/1 18:00,9230,4100,4778,899,152,561,2,93
2023/10/1 19:00,8899,4103,4832,652,152,565,0,102
2023/10/1 20:00,8461,4114,4768,364,152,569,0,103
2023/10/1 21:00,8030,4114,4653,277,153,571,0,108
2023/10/1 22:00,7656,4117,4228,240,153,572,0,101
2023/10/1 23:00,7315,4114,3768,230,154,571,0,101
2023/10/2 0:00,6792,4115,3320,243,154,572,0,101
2023/10/2 1:00,6534,4115,2999,256,154,571,0,112
2023/10/2 2:00,6671,4113,3151,268,154,572,0,97
2023/10/2 3:00,7082,4111,3596,309,154,574,0,100
2023/10/2 4:00,7602,4105,3893,447,154,573,0,112
2023/10/2 5:00,8025,4113,4014,478,154,570,0,112
2023/10/2 6:00,7941,4110,3768,378,154,569,143,99
2023/10/2 7:00,8051,4114,3052,244,154,563,1465,101
2023/10/2 8:00,8747,4117,2861,242,153,492,3331,83
2023/10/2 9:00,9726,4121,2589,237,154,469,4984,56
2023/10/2 10:00,10245,4119,2485,219,153,468,6463,52
2023/10/2 11:00,10468,4117,2478,229,153,468,7008,53
2023/10/2 12:00,10226,4117,2410,207,153,468,6721,57
2023/10/2 13:00,10729,4114,2573,208,153,468,7165,52
2023/10/2 14:00,11069,4117,2648,209,153,467,7070,48
2023/10/2 15:00,10870,4108,3347,222,153,520,5455,54
2023/10/2 16:00,10800,4112,5247,349,153,563,2621,50
2023/10/2 17:00,10369,4099,6672,692,153,566,530,70
2023/10/2 18:00,10188,4105,6725,793,154,569,2,71
2023/10/2 19:00,9667,4109,6136,509,154,567,0,59
2023/10/2 20:00,9122,4124,5732,302,154,561,0,66
2023/10/2 21:00,8631,4121,5353,293,154,561,0,69
2023/10/2 22:00,8254,4120,4810,234,155,564,0,68
2023/10/2 23:00,7948,4120,4407,215,155,568,0,66
2023/10/3 0:00,7446,4119,4003,204,154,566,0,83
2023/10/3 1:00,7154,4120,3714,203,155,565,0,106
2023/10/3 2:00,7245,4117,3722,222,155,567,0,107
2023/10/3 3:00,7628,4116,4290,312,155,569,0,95
2023/10/3 4:00,8092,4109,4416,443,155,571,0,75
2023/10/3 5:00,8409,4110,4397,516,155,571,0,84
2023/10/3 6:00,8220,4111,3978,423,154,571,136,85
2023/10/3 7:00,8255,4121,3325,278,154,565,1412,67
2023/10/3 8:00,8910,4124,2841,240,154,555,3105,62
2023/10/3 9:00,9735,4121,2607,220,151,488,4681,52
2023/10/3 10:00,10164,4122,2468,206,151,466,5400,48
2023/10/3 11:00,10411,4123,2653,215,151,466,5834,52
2023/10/3 12:00,10202,4119,2867,198,149,465,5261,49
2023/10/3 13:00,10489,4121,3411,196,150,484,4622,37
2023/10/3 14:00,10526,4118,3914,196,149,547,3784,33
2023/10/3 15:00,10398,4117,5100,214,151,558,2477,33
2023/10/3 16:00,10373,4115,6137,352,151,564,1252,35
2023/10/3 17:00,10274,4114,6429,643,152,566,221,35
2023/10/3 18:00,10248,4113,6233,758,152,568,0,37
2023/10/3 19:00,9811,4108,6017,506,152,565,0,51
2023/10/3 20:00,9295,4115,5748,319,152,563,0,50
2023/10/3 21:00,8831,4113,5185,285,152,564,0,52
2023/10/3 22:00,8532,4120,4517,219,152,566,0,48
2023/10/3 23:00,8213,4117,4466,198,152,568,0,31
2023/10/4 0:00,7624,4116,4311,193,152,568,0,34
2023/10/4 1:00,7319,4116,3910,191,152,566,0,34
2023/10/4 2:00,7432,4117,4054,195,152,565,0,27
2023/10/4 3:00,7814,4115,4482,323,152,568,0,19
2023/10/4 4:00,8243,4104,4659,456,152,568,0,20
2023/10/4 5:00,8527,4107,4576,490,152,567,0,24
2023/10/4 6:00,8383,4107,4178,372,152,568,79,28
2023/10/4 7:00,8522,4117,3612,278,152,569,985,24
2023/10/4 8:00,9382,4118,3306,224,151,542,2404,16
2023/10/4 9:00,10127,4086,3387,204,149,505,4020,10
2023/10/4 10:00,10620,4028,2948,195,149,499,5674,6
2023/10/4 11:00,10852,4038,2933,185,150,504,6333,5
2023/10/4 12:00,10717,4066,2826,186,148,503,7231,12
2023/10/4 13:00,11287,4087,3271,189,147,498,6109,12
2023/10/4 14:00,11365,4109,3464,186,147,533,5243,11
2023/10/4 15:00,11270,4116,4546,185,148,555,3595,8
2023/10/4 16:00,11055,4116,6050,337,149,565,1753,9
2023/10/4 17:00,10702,4106,6379,617,149,572,360,11
2023/10/4 18:00,10549,4104,6259,738,149,569,0,16
2023/10/4 19:00,10106,4106,6300,485,151,568,0,29
2023/10/4 20:00,9514,4111,5948,334,151,565,0,24
2023/10/4 21:00,9022,4117,5386,305,152,567,0,25
2023/10/4 22:00,8590,4118,4783,257,152,569,0,30
2023/10/4 23:00,8239,4120,4587,207,152,570,0,34
2023/10/5 0:00,7634,4116,4358,193,152,568,0,35
2023/10/5 1:00,7375,4118,4184,191,152,566,0,44
2023/10/5 2:00,7448,4119,4200,231,153,569,0,72
2023/10/5 3:00,7792,4116,4477,304,153,571,0,86
2023/10/5 4:00,8204,4112,4567,392,154,570,0,91
2023/10/5 5:00,8501,4112,4602,537,153,573,0,121
2023/10/5 6:00,8300,4111,4580,575,153,570,87,138
2023/10/5 7:00,8439,4118,4268,262,153,561,975,157
2023/10/5 8:00,9128,4116,4229,215,152,513,1937,144
2023/10/5 9:00,9746,4118,4078,201,150,444,2848,117
2023/10/5 10:00,9997,4119,3278,193,150,448,4209,121
2023/10/5 11:00,10049,4121,2870,198,150,449,4743,124
2023/10/5 12:00,9766,4121,2622,188,151,450,5698,113
2023/10/5 13:00,9992,4117,2657,186,151,447,6135,93
2023/10/5 14:00,10174,4120,2817,187,151,450,5580,94
2023/10/5 15:00,9824,4125,3555,198,153,507,3857,91
2023/10/5 16:00,10022,4120,4617,273,153,561,2327,93
2023/10/5 17:00,9822,4118,5627,545,153,565,486,81
2023/10/5 18:00,9797,4112,5434,748,153,569,1,76
2023/10/5 19:00,9345,4113,5083,511,154,568,0,68
2023/10/5 20:00,8845,4114,4797,340,154,568,0,72
2023/10/5 21:00,8415,4121,4940,282,155,570,0,73
2023/10/5 22:00,8092,4123,4783,219,155,567,0,68
2023/10/5 23:00,7799,4124,4509,203,155,569,0,73
2023/10/6 0:00,7248,4124,4032,208,155,569,0,82
2023/10/6 1:00,7021,4124,3749,218,155,569,0,88
2023/10/6 2:00,7176,4123,3884,254,155,572,0,84
2023/10/6 3:00,7638,4124,4370,312,155,571,0,88
2023/10/6 4:00,8158,4119,4777,384,155,567,0,86
2023/10/6 5:00,8414,4120,4282,387,155,571,0,91
2023/10/6 6:00,8257,4122,3743,570,155,571,147,80
2023/10/6 7:00,8165,4128,3281,349,155,564,1683,66
2023/10/6 8:00,8628,4125,2905,266,155,477,3893,44
2023/10/6 9:00,9461,4126,2976,232,154,452,5103,32
2023/10/6 10:00,9613,4126,2851,207,153,452,5625,16
2023/10/6 11:00,9760,4124,2802,212,152,451,6063,7
2023/10/6 12:00,9483,4124,2808,199,152,453,5819,11
2023/10/6 13:00,10030,4122,3056,199,152,452,5970,15
2023/10/6 14:00,10294,4126,3101,221,152,453,5702,14
2023/10/6 15:00,9985,4123,3312,257,154,473,4327,17
2023/10/6 16:00,9868,4124,4208,353,153,558,1969,15
2023/10/6 17:00,9629,4119,4972,659,154,572,337,15
2023/10/6 18:00,9625,4116,5238,780,154,573,0,19
2023/10/6 19:00,9233,4118,5217,536,154,567,0,19
2023/10/6 20:00,8776,4123,5024,361,154,568,0,13
2023/10/6 21:00,8347,4122,4868,315,154,570,0,14
2023/10/6 22:00,8078,4127,4792,273,154,571,0,13
2023/10/6 23:00,7833,4125,4313,249,154,571,0,18
2023/10/7 0:00,7254,4127,3808,249,154,571,0,17
2023/10/7 1:00,6966,4124,3497,251,154,571,0,15
2023/10/7 2:00,7126,4124,3728,265,153,572,0,16
2023/10/7 3:00,7558,4126,4146,356,154,573,0,15
2023/10/7 4:00,7931,4121,4456,440,154,576,0,25
2023/10/7 5:00,8049,4121,4454,475,154,576,0,32
2023/10/7 6:00,7606,4119,3990,415,154,576,64,34
2023/10/7 7:00,7402,4127,3226,354,153,573,853,31
2023/10/7 8:00,7735,4123,2795,291,153,573,2164,26
2023/10/7 9:00,8272,4127,2354,251,151,527,3622,19
2023/10/7 10:00,8518,4123,2047,229,151,451,4824,13
2023/10/7 11:00,8687,4125,1919,222,151,451,5535,11
2023/10/7 12:00,8702,4123,2080,218,151,451,4521,7
2023/10/7 13:00,8661,4123,2173,211,151,448,3500,14
2023/10/7 14:00,8485,4125,2591,212,151,513,2622,19
2023/10/7 15:00,8466,4124,3207,230,153,568,1650,31
2023/10/7 16:00,8510,4125,3880,306,153,572,861,30
2023/10/7 17:00,8639,4115,4391,524,153,573,147,37
2023/10/7 18:00,8814,4114,4307,769,153,570,0,47
2023/10/7 19:00,8563,4115,4140,598,154,571,0,54
2023/10/7 20:00,8247,4124,4030,398,154,573,0,72
2023/10/7 21:00,7869,4126,3739,380,154,571,0,78
2023/10/7 22:00,7602,4123,3893,340,154,572,0,99
2023/10/7 23:00,7342,4126,3714,333,154,572,0,113
2023/10/8 0:00,6841,4125,3196,339,153,574,0,112
2023/10/8 1:00,6609,4125,2931,331,154,573,0,116
2023/10/8 2:00,6787,4122,3186,332,153,574,0,136
2023/10/8 3:00,7233,4125,3576,436,154,577,0,167
2023/10/8 4:00,7643,4118,3864,536,154,578,0,187
2023/10/8 5:00,7653,4120,3775,584,154,576,0,208
2023/10/8 6:00,7156,4122,3341,470,152,570,6,220
2023/10/8 7:00,7015,4125,3167,417,153,573,100,216
2023/10/8 8:00,7394,4126,3459,410,153,570,310,209
2023/10/8 9:00,7726,4126,3558,432,151,569,497,225
2023/10/8 10:00,7794,4125,3481,444,151,574,724,217
2023/10/8 11:00,7834,4124,3265,458,151,573,1050,203
2023/10/8 12:00,7804,4126,3159,481,151,571,1078,214
2023/10/8 13:00,7726,4125,3009,500,150,571,1149,211
2023/10/8 14:00,7674,4124,3043,519,151,572,994,213
2023/10/8 15:00,7786,4125,3382,525,153,574,695,203
2023/10/8 16:00,7921,4127,3906,589,152,575,325,179
2023/10/8 17:00,8278,4116,4132,855,153,570,61,171
2023/10/8 18:00,8521,4116,4069,963,153,572,0,168
2023/10/8 19:00,8294,4114,4008,746,153,574,0,160
2023/10/8 20:00,7966,4125,3887,630,153,573,0,152
2023/10/8 21:00,7644,4126,3734,525,152,578,0,139
2023/10/8 22:00,7394,4123,3585,498,152,577,0,135
2023/10/8 23:00,7167,4125,3442,489,152,576,0,147
2023/10/9 0:00,6756,4126,2769,465,150,577,0,134
2023/10/9 1:00,6481,4124,2376,448,151,574,0,133
2023/10/9 2:00,6754,4126,2675,454,151,576,0,127
2023/10/9 3:00,7193,4122,3342,549,151,576,0,142
2023/10/9 4:00,7738,4120,3780,684,152,573,0,121
2023/10/9 5:00,7817,4122,3563,736,152,574,0,105
2023/10/9 6:00,7431,4120,3277,652,152,570,31,86
2023/10/9 7:00,7455,4126,2802,535,152,569,475,73
2023/10/9 8:00,7841,4123,2292,412,151,523,1527,65
2023/10/9 9:00,8242,4123,2164,398,148,443,2749,56
2023/10/9 10:00,8496,4121,2145,359,148,444,3393,34
2023/10/9 11:00,8746,4120,2056,331,148,443,3971,43
2023/10/9 12:00,8687,4121,1953,284,148,443,3977,31
2023/10/9 13:00,8734,4119,2391,272,147,445,3138,34
2023/10/9 14:00,8669,4122,2464,267,148,507,2671,44
2023/10/9 15:00,8579,4122,2734,298,150,560,2115,49
2023/10/9 16:00,8737,4122,3517,448,150,568,937,70
2023/10/9 17:00,9067,4112,4101,704,150,568,176,56
2023/10/9 18:00,9230,4116,4612,855,150,569,1,54
2023/10/9 19:00,8958,4115,4708,715,150,572,0,69
2023/10/9 20:00,8632,4125,4438,572,150,571,0,69
2023/10/9 21:00,8233,4123,4185,468,151,572,0,73
2023/10/9 22:00,7866,4126,3902,355,151,570,0,68
2023/10/9 23:00,7594,4122,3761,353,151,571,0,72
2023/10/10 0:00,7045,4125,3342,354,152,575,0,85
2023/10/10 1:00,6819,4125,3164,355,152,572,0,81
2023/10/10 2:00,6990,4125,3344,365,152,573,0,90
2023/10/10 3:00,7409,4122,3658,475,152,574,0,125
2023/10/10 4:00,7916,4121,3888,593,152,574,0,126
2023/10/10 5:00,8116,4121,3883,657,152,575,0,124
2023/10/10 6:00,7933,4124,3718,516,152,562,110,122
2023/10/10 7:00,7971,4126,2919,398,152,473,1465,121
2023/10/10 8:00,8656,4126,2368,257,152,445,3460,129
2023/10/10 9:00,9600,4108,2178,230,150,443,5315,107
2023/10/10 10:00,9950,4039,2004,216,150,442,6165,107
2023/10/10 11:00,10059,4049,2030,219,150,442,6491,98
2023/10/10 12:00,9693,4081,2008,215,149,446,6460,90
2023/10/10 13:00,10041,4110,2099,225,150,443,6697,90
2023/10/10 14:00,10120,4124,2266,242,150,444,6431,104
2023/10/10 15:00,9906,4125,2882,266,151,461,4395,116
2023/10/10 16:00,9945,4126,4131,410,153,551,2002,127
2023/10/10 17:00,9745,4117,4818,639,153,565,307,111
2023/10/10 18:00,9789,4117,4786,797,153,569,1,109
2023/10/10 19:00,9359,4120,4530,565,154,569,0,114
2023/10/10 20:00,8909,4123,4501,441,154,568,0,139
2023/10/10 21:00,8459,4126,4469,356,154,567,0,153
2023/10/10 22:00,8191,4128,4463,310,154,568,0,130
2023/10/10 23:00,7915,4126,4302,292,154,569,0,117
2023/10/11 0:00,7386,4127,3680,262,154,570,0,127
2023/10/11 1:00,7090,4126,3392,269,154,568,0,129
2023/10/11 2:00,7283,4126,3652,303,155,568,0,121
2023/10/11 3:00,7759,4128,3879,345,155,569,0,119
2023/10/11 4:00,8259,4125,4188,383,155,570,0,106
2023/10/11 5:00,8408,4125,3960,505,155,567,0,113
2023/10/11 6:00,8237,4127,3867,500,154,567,53,95
2023/10/11 7:00,8148,4128,3397,387,154,560,901,93
2023/10/11 8:00,8590,4129,2897,264,154,489,2413,101
2023/10/11 9:00,9155,4132,2332,212,153,465,4232,99
2023/10/11 10:00,9521,4133,1947,196,153,465,5814,107
2023/10/11 11:00,9757,4131,1914,197,154,465,6508,93
2023/10/11 12:00,9389,4124,1865,213,153,467,6470,79
2023/10/11 13:00,9858,4128,1960,198,154,464,6603,78
2023/10/11 14:00,10008,4128,2132,218,154,466,6474,75
2023/10/11 15:00,9807,4125,2735,218,155,523,4675,70
2023/10/11 16:00,9859,4127,4179,365,156,561,2205,71
2023/10/11 17:00,9735,4117,5193,492,155,565,322,73
2023/10/11 18:00,9746,4120,5346,617,155,566,0,86
2023/10/11 19:00,9350,4119,5001,399,156,570,0,80
2023/10/11 20:00,8858,4124,4570,344,155,568,0,75
2023/10/11 21:00,8456,4126,4287,309,156,566,0,63
2023/10/11 22:00,8207,4126,4314,259,156,569,0,51
2023/10/11 23:00,7922,4123,4200,251,156,572,0,37
2023/10/12 0:00,7396,4126,3974,226,155,570,0,35
2023/10/12 1:00,7133,4125,3682,217,156,567,0,31
2023/10/12 2:00,7329,4127,3727,219,156,568,0,33
2023/10/12 3:00,7798,4129,3833,325,156,570,0,34
2023/10/12 4:00,8304,4125,4061,367,156,571,0,41
2023/10/12 5:00,8552,4125,4003,615,156,573,0,40
2023/10/12 6:00,8300,4126,3204,595,156,564,90,43
2023/10/12 7:00,8172,4132,2534,371,156,551,1574,35
2023/10/12 8:00,8593,4128,2123,263,156,451,3905,27
2023/10/12 9:00,9395,4128,1891,225,153,426,5622,23
2023/10/12 10:00,9641,4127,1840,222,153,432,6161,35
2023/10/12 11:00,9643,4127,1808,227,153,433,6416,62
2023/10/12 12:00,9336,4125,1846,243,153,432,6255,97
2023/10/12 13:00,9696,4124,1906,240,153,432,6469,105
2023/10/12 14:00,10055,4123,2067,234,153,431,6548,109
2023/10/12 15:00,9669,4124,2431,246,155,493,4837,100
2023/10/12 16:00,9824,4118,3560,275,155,545,2313,105
2023/10/12 17:00,9653,4118,4634,406,155,544,326,110
2023/10/12 18:00,9697,4121,4585,562,155,550,0,132
2023/10/12 19:00,9252,4128,4570,450,155,546,0,124
2023/10/12 20:00,8817,4127,4503,299,156,549,0,116
2023/10/12 21:00,8372,4129,4355,295,156,548,0,102
2023/10/12 22:00,8133,4127,4016,275,155,550,0,92
2023/10/12 23:00,7883,4126,3962,259,156,552,0,89
2023/10/13 0:00,7356,4125,3925,259,156,550,0,81
2023/10/13 1:00,7108,4127,3655,259,157,549,0,73
2023/10/13 2:00,7328,4126,3948,259,156,553,0,82
2023/10/13 3:00,7808,4128,4375,317,157,552,0,87
2023/10/13 4:00,8290,4125,4447,388,157,553,0,85
2023/10/13 5:00,8460,4125,4353,431,157,552,0,73
2023/10/13 6:00,8228,4128,3739,535,157,547,76,72
2023/10/13 7:00,8133,4132,3176,288,156,542,1203,53
2023/10/13 8:00,8428,4129,2535,241,156,455,3292,51
2023/10/13 9:00,9066,4129,2089,203,154,431,4828,51
2023/10/13 10:00,9463,4127,1945,206,152,429,5526,43
2023/10/13 11:00,9660,4128,2026,192,151,432,5660,36
2023/10/13 12:00,9363,4126,2060,191,151,431,5346,35
2023/10/13 13:00,9685,4125,2280,194,152,432,5013,28
2023/10/13 14:00,9748,4124,2733,184,152,431,3986,25
2023/10/13 15:00,9586,4127,3211,201,154,491,2640,22
2023/10/13 16:00,9701,4128,4352,312,153,546,1198,29
2023/10/13 17:00,9576,4130,5018,443,153,550,172,35
2023/10/13 18:00,9705,4120,4212,637,154,554,0,34
2023/10/13 19:00,9193,4120,4083,397,154,551,0,29
2023/10/13 20:00,8825,4123,3761,312,154,551,0,25
2023/10/13 21:00,8348,4131,3431,287,154,549,0,21
2023/10/13 22:00,8072,4129,3518,279,154,551,0,23
2023/10/13 23:00,7841,4129,3418,233,155,553,0,25
2023/10/14 0:00,7197,4127,3135,224,154,551,0,21
2023/10/14 1:00,6932,4127,2903,227,155,548,0,18
2023/10/14 2:00,7225,4130,3156,240,154,552,0,20
2023/10/14 3:00,7652,4128,3428,290,154,554,0,20
2023/10/14 4:00,8071,4126,3680,330,154,555,0,20
2023/10/14 5:00,8087,4130,3692,346,155,553,0,20
2023/10/14 6:00,7676,4128,3367,498,154,554,12,17
2023/10/14 7:00,7526,4130,2838,288,154,554,398,13
2023/10/14 8:00,7806,4133,2442,255,154,551,1231,12
2023/10/14 9:00,8191,4129,2294,206,152,550,2491,8
2023/10/14 10:00,8468,4132,2093,188,152,551,3831,8
2023/10/14 11:00,8615,4128,1958,187,152,553,4401,5
2023/10/14 12:00,8624,4126,1725,194,153,551,4185,2
2023/10/14 13:00,8544,4127,1512,198,153,551,3923,5
2023/10/14 14:00,8450,4125,1752,190,153,550,3373,5
2023/10/14 15:00,8446,4128,2341,203,155,551,2197,3
2023/10/14 16:00,8492,4128,2791,291,155,552,857,6
2023/10/14 17:00,8558,4117,3091,596,155,550,114,5
2023/10/14 18:00,8782,4118,3098,553,155,551,0,6
2023/10/14 19:00,8522,4122,3132,370,154,554,0,7
2023/10/14 20:00,8146,4129,3156,296,155,553,0,13
2023/10/14 21:00,7733,4129,3176,245,155,555,0,34
2023/10/14 22:00,7415,4127,3147,234,155,557,0,49
2023/10/14 23:00,7240,4128,3181,235,155,557,0,72
2023/10/15 0:00,6776,4130,2870,204,157,556,0,81
2023/10/15 1:00,6502,4124,2439,203,156,554,0,104
2023/10/15 2:00,6669,4125,2687,208,156,556,0,108
2023/10/15 3:00,7125,4126,2804,271,156,556,0,120
2023/10/15 4:00,7591,4124,2740,367,156,556,0,139
2023/10/15 5:00,7652,4126,2623,369,156,557,0,137
2023/10/15 6:00,7119,4127,2446,463,157,553,72,138
2023/10/15 7:00,6862,4130,2156,234,157,548,1378,121
2023/10/15 8:00,7092,4129,1921,208,157,457,3323,46
2023/10/15 9:00,7687,4131,2189,203,154,433,3817,7
2023/10/15 10:00,7854,4129,2006,182,153,430,4138,5
2023/10/15 11:00,7833,4129,1997,184,153,432,4589,5
2023/10/15 12:00,7813,4126,1900,182,153,431,4687,5
2023/10/15 13:00,7917,4124,1796,190,153,429,5079,6
2023/10/15 14:00,7987,4124,1832,192,153,434,5233,8
2023/10/15 15:00,7908,4126,1953,181,155,431,4065,28
2023/10/15 16:00,7822,4126,2260,259,155,501,1936,145
2023/10/15 17:00,8114,4120,2925,636,157,550,239,128
2023/10/15 18:00,8453,4123,2960,514,157,550,0,126
2023/10/15 19:00,8228,4122,3018,378,157,552,0,117
2023/10/15 20:00,7853,4132,2897,273,157,553,0,100
2023/10/15 21:00,7541,4131,2511,246,157,557,0,84
2023/10/15 22:00,7235,4130,2415,215,157,557,0,81
2023/10/15 23:00,6985,4131,2537,201,157,559,0,85
2023/10/16 0:00,6421,4129,2327,188,157,559,0,83
2023/10/16 1:00,6320,4129,2251,174,157,556,0,61
2023/10/16 2:00,6604,4126,2587,182,157,556,0,69
2023/10/16 3:00,7163,4131,3158,259,156,556,0,73
2023/10/16 4:00,7749,4126,3209,315,156,556,0,77
2023/10/16 5:00,7962,4129,3269,462,156,556,0,81
2023/10/16 6:00,7872,4130,3157,529,157,552,70,70
2023/10/16 7:00,7849,4129,2444,261,157,541,1341,55
2023/10/16 8:00,8210,4133,1814,197,156,493,3548,33
2023/10/16 9:00,9063,4096,1615,179,155,427,5477,30
2023/10/16 10:00,9375,4039,1583,180,154,426,5932,49
2023/10/16 11:00,9520,4053,1648,168,154,426,5984,64
2023/10/16 12:00,9221,4078,1565,161,153,427,6010,75
2023/10/16 13:00,9691,4101,1678,161,153,426,6305,76
2023/10/16 14:00,9891,4120,1755,170,153,426,6295,84
2023/10/16 15:00,9708,4125,2356,177,155,483,4439,87
2023/10/16 16:00,9726,4127,3165,240,155,525,1988,84
2023/10/16 17:00,9499,4119,3592,354,156,541,236,71
2023/10/16 18:00,9564,4121,3935,615,156,548,0,59
2023/10/16 19:00,9140,4127,4141,405,157,548,0,45
2023/10/16 20:00,8665,4130,4100,254,156,543,0,36
2023/10/16 21:00,8290,4132,4084,231,156,546,0,33
2023/10/16 22:00,7894,4132,3976,219,156,550,0,34
2023/10/16 23:00,7640,4129,3752,199,157,552,0,33
2023/10/17 0:00,7187,4127,3399,203,157,549,0,27
2023/10/17 1:00,6927,4127,3180,216,157,544,0,26
2023/10/17 2:00,7178,4127,3379,237,157,547,0,39
2023/10/17 3:00,7732,4128,3733,269,157,545,0,34
2023/10/17 4:00,8244,4126,4101,293,156,540,0,33
2023/10/17 5:00,8430,4125,4161,418,157,547,0,35
2023/10/17 6:00,8174,4127,3678,530,157,539,68,27
2023/10/17 7:00,8050,4132,2748,285,156,533,1438,17
2023/10/17 8:00,8327,4132,2146,192,156,450,3729,7
2023/10/17 9:00,9188,4131,1893,177,154,427,5685,11
2023/10/17 10:00,9593,4131,1968,184,154,425,6139,15
2023/10/17 11:00,9688,4133,1710,165,154,427,6377,15
2023/10/17 12:00,9341,4129,1703,163,153,427,6374,24
2023/10/17 13:00,9835,4126,1883,167,153,421,6537,20
2023/10/17 14:00,9957,4127,1971,178,153,421,6250,14
2023/10/17 15:00,9596,4125,2499,184,155,488,4318,15
2023/10/17 16:00,9663,4130,3542,199,158,541,1925,12
2023/10/17 17:00,9572,4119,4084,517,158,545,203,13
2023/10/17 18:00,9639,4122,4241,478,159,552,0,12
2023/10/17 19:00,9236,4124,3954,553,159,550,0,16
2023/10/17 20:00,8816,4129,3984,441,159,549,0,16
2023/10/17 21:00,8330,4129,4008,314,159,552,0,14
2023/10/17 22:00,8034,4129,3976,228,159,554,0,7
2023/10/17 23:00,7732,4126,3847,199,159,550,0,3
2023/10/18 0:00,7215,4126,3436,182,159,514,0,3
2023/10/18 1:00,6968,4128,3266,166,159,481,0,2
2023/10/18 2:00,7203,4126,3450,177,158,483,0,2
2023/10/18 3:00,7736,4125,3571,297,158,485,0,1
2023/10/18 4:00,8236,4125,3833,353,158,483,0,1
2023/10/18 5:00,8415,4127,3864,399,159,482,0,1
2023/10/18 6:00,8185,4130,3315,390,158,483,66,1
2023/10/18 7:00,8061,4131,2508,241,158,480,1425,0
2023/10/18 8:00,8355,4133,1881,195,158,443,3783,0
2023/10/18 9:00,9229,4134,1745,188,158,394,6015,0
2023/10/18 10:00,9704,4132,1596,179,158,394,6899,0
2023/10/18 11:00,9803,4132,1565,165,158,396,7089,0
2023/10/18 12:00,9595,4130,1591,164,151,392,6863,0
2023/10/18 13:00,9981,4128,1728,168,157,394,7072,4
2023/10/18 14:00,9956,4127,1981,179,158,404,6484,7
2023/10/18 15:00,9768,4125,2592,215,158,456,4355,12
2023/10/18 16:00,9835,4110,3459,300,159,473,1922,2
2023/10/18 17:00,9619,4113,3985,459,159,471,210,4
2023/10/18 18:00,9664,4118,4213,637,159,473,0,4
2023/10/18 19:00,9229,4130,4272,462,159,474,0,2
2023/10/18 20:00,8775,4129,4264,317,159,475,0,1
2023/10/18 21:00,8383,4130,4176,247,159,475,0,2
2023/10/18 22:00,8033,4130,4048,187,159,477,0,3
2023/10/18 23:00,7798,4130,3774,187,159,477,0,1
2023/10/19 0:00,7251,4129,3392,169,159,475,0,3
2023/10/19 1:00,7025,4128,3211,170,159,477,0,4
2023/10/19 2:00,7252,4126,3498,197,159,477,0,1
2023/10/19 3:00,7821,4124,3798,303,159,477,0,7
2023/10/19 4:00,8321,4121,3917,330,159,473,0,8
2023/10/19 5:00,8482,4127,3856,343,159,476,0,10
2023/10/19 6:00,8232,4125,3363,410,158,476,59,14
2023/10/19 7:00,8080,4132,2600,228,158,472,1411,16
2023/10/19 8:00,8305,4127,1789,201,158,438,3746,12
2023/10/19 9:00,9252,4133,1606,176,156,388,6058,10
2023/10/19 10:00,9751,4130,1630,196,156,386,7071,9
2023/10/19 11:00,9814,4132,1780,185,156,389,7165,14
2023/10/19 12:00,9573,4129,1995,166,156,387,6741,10
2023/10/19 13:00,10120,4130,2309,165,156,386,6814,11
2023/10/19 14:00,10006,4131,2661,176,157,400,5855,11
2023/10/19 15:00,9891,4130,3399,222,158,463,4191,7
2023/10/19 16:00,9911,4129,4186,414,157,474,1860,5
2023/10/19 17:00,9696,4120,4571,672,157,473,184,5
2023/10/19 18:00,9701,4121,4633,569,158,475,0,5
2023/10/19 19:00,9215,4121,4635,458,158,475,0,4
2023/10/19 20:00,8813,4128,4536,371,158,475,0,11
2023/10/19 21:00,8325,4127,4260,248,158,475,0,17
2023/10/19 22:00,8100,4128,4211,185,158,477,0,26
2023/10/19 23:00,7831,4129,4026,185,157,477,0,27
2023/10/20 0:00,7347,4129,4045,186,157,479,0,40
2023/10/20 1:00,7131,4128,3840,192,157,475,0,46
2023/10/20 2:00,7322,4129,4091,173,157,477,0,45
2023/10/20 3:00,7830,4127,4407,263,157,475,0,35
2023/10/20 4:00,8290,4126,4701,360,157,477,0,26
2023/10/20 5:00,8416,4125,4863,370,156,477,0,38
2023/10/20 6:00,8252,4127,4535,646,156,477,21,65
2023/10/20 7:00,8376,4131,4605,282,156,474,351,106
2023/10/20 8:00,9073,4128,4965,197,154,475,758,123
2023/10/20 9:00,9695,4129,4454,201,155,476,1025,95
2023/10/20 10:00,9733,4130,3986,208,155,475,974,88
2023/10/20 11:00,9654,4129,3606,182,154,474,1075,125
2023/10/20 12:00,9228,4130,3376,168,154,476,1396,151
2023/10/20 13:00,9473,4129,3830,176,156,482,1414,148
2023/10/20 14:00,9238,4130,3944,209,157,493,1938,172
2023/10/20 15:00,9358,4129,4382,228,158,494,2202,207
2023/10/20 16:00,9305,4130,5297,253,158,495,1056,194
2023/10/20 17:00,9230,4129,5493,442,158,498,140,177
2023/10/20 18:00,9353,4123,5312,591,158,499,0,184
2023/10/20 19:00,8970,4122,5136,441,158,502,0,173
2023/10/20 20:00,8569,4122,4952,339,158,503,0,156
2023/10/20 21:00,8249,4131,4619,261,158,499,0,154
2023/10/20 22:00,7966,4135,4422,230,158,504,0,176
2023/10/20 23:00,7672,4135,4145,232,158,506,0,178
2023/10/21 0:00,7127,4138,3615,206,158,504,0,205
2023/10/21 1:00,6908,4133,3369,199,158,502,0,203
2023/10/21 2:00,7146,4135,3656,206,158,504,0,200
2023/10/21 3:00,7672,4135,3950,270,158,504,0,215
2023/10/21 4:00,8120,4129,4013,351,158,505,0,206
2023/10/21 5:00,8241,4130,3893,376,153,502,0,194
2023/10/21 6:00,7783,4134,3401,473,133,502,54,203
2023/10/21 7:00,7418,4139,2490,275,135,494,1305,183
2023/10/21 8:00,7413,4137,1930,227,135,434,3316,156
2023/10/21 9:00,7877,4136,1922,199,135,416,4142,171
2023/10/21 10:00,7963,4138,1777,185,135,416,4642,166
2023/10/21 11:00,7936,4136,1659,178,134,416,5219,152
2023/10/21 12:00,7794,4137,1618,182,134,419,5349,129
2023/10/21 13:00,7962,4131,1792,194,134,419,5004,96
2023/10/21 14:00,7939,4133,1882,177,135,418,4661,82
2023/10/21 15:00,7833,4131,1807,187,135,433,4281,78
2023/10/21 16:00,7907,4135,2373,368,135,500,2022,79
2023/10/21 17:00,8157,4125,3146,619,135,503,163,76
2023/10/21 18:00,8460,4127,3210,586,135,506,0,91
2023/10/21 19:00,8259,4130,3182,447,135,507,0,90
2023/10/21 20:00,7978,4136,3474,338,135,505,0,88
2023/10/21 21:00,7649,4135,3506,227,135,504,0,82
2023/10/21 22:00,7411,4137,3555,180,135,504,0,81
2023/10/21 23:00,7194,4134,3310,182,134,506,0,76
2023/10/22 0:00,6756,4139,3095,170,134,508,0,72
2023/10/22 1:00,6552,4135,2991,172,134,506,0,60
2023/10/22 2:00,6868,4135,3318,198,134,504,0,50
2023/10/22 3:00,7480,4134,3867,218,134,507,0,42
2023/10/22 4:00,7918,4131,3779,334,134,506,0,31
2023/10/22 5:00,7877,4128,3286,364,134,508,0,26
2023/10/22 6:00,7369,4134,2648,299,135,507,53,18
2023/10/22 7:00,6966,4136,2309,266,135,471,1421,4
2023/10/22 8:00,6801,4136,1896,246,134,412,3516,1
2023/10/22 9:00,7268,4136,1889,194,134,414,4134,0
2023/10/22 10:00,7423,4136,1839,181,134,412,4417,0
2023/10/22 11:00,7403,4138,1784,174,134,414,4712,0
2023/10/22 12:00,7483,4136,1838,178,134,415,4658,0
2023/10/22 13:00,7477,4136,1832,174,134,415,4365,3
2023/10/22 14:00,7463,4132,1916,169,134,413,3798,7
2023/10/22 15:00,7452,4134,1927,191,134,415,3336,10
2023/10/22 16:00,7566,4134,2341,309,134,462,1844,16
2023/10/22 17:00,7971,4129,3065,560,134,500,143,10
2023/10/22 18:00,8325,4125,3427,551,134,498,0,10
2023/10/22 19:00,8089,4126,3728,357,134,501,0,11
2023/10/22 20:00,7823,4134,3737,245,134,502,0,7
2023/10/22 21:00,7526,4136,3487,192,134,501,0,8
2023/10/22 22:00,7212,4137,3190,181,134,504,0,6
2023/10/22 23:00,6963,4134,3276,187,135,506,0,6
2023/10/23 0:00,6551,4138,3253,175,135,505,0,5
2023/10/23 1:00,6368,4138,3051,175,135,505,0,5
2023/10/23 2:00,6705,4137,3401,188,135,505,0,4
2023/10/23 3:00,7350,4135,3796,259,135,506,0,6
2023/10/23 4:00,7924,4137,3880,315,135,504,0,9
2023/10/23 5:00,8125,4136,3878,399,135,505,0,12
2023/10/23 6:00,8022,4132,3831,280,135,502,43,12
2023/10/23 7:00,8011,4138,3187,251,135,491,1409,12
2023/10/23 8:00,8025,4136,2154,219,135,429,3778,6
2023/10/23 9:00,8992,4117,1921,189,134,412,5598,0
2023/10/23 10:00,9269,4058,1924,178,133,411,6068,0
2023/10/23 11:00,9235,4074,1905,163,134,409,6553,2
2023/10/23 12:00,8976,4104,1940,160,130,409,6164,2
2023/10/23 13:00,9528,4130,1968,161,133,409,6561,4
2023/10/23 14:00,9505,4135,1934,167,134,409,6189,5
2023/10/23 15:00,9298,4138,2450,203,134,425,4265,5
2023/10/23 16:00,9347,4135,3629,278,134,481,1721,4
2023/10/23 17:00,9338,4126,4451,722,134,494,134,4
2023/10/23 18:00,9450,4127,4628,714,134,491,1,2
2023/10/23 19:00,9041,4130,4697,440,134,494,0,4
2023/10/23 20:00,8606,4135,4810,288,134,493,0,2
2023/10/23 21:00,8258,4135,4757,196,134,494,0,2
2023/10/23 22:00,7928,4134,4568,177,134,492,0,1
2023/10/23 23:00,7643,4136,4252,192,134,490,0,1
2023/10/24 0:00,7205,4139,4032,184,134,490,0,1
2023/10/24 1:00,6986,4136,3862,168,134,490,0,2
2023/10/24 2:00,7291,4137,4176,180,134,491,0,2
2023/10/24 3:00,7903,4136,4567,244,134,492,0,2
2023/10/24 4:00,8432,4136,4887,299,134,493,0,5
2023/10/24 5:00,8515,4135,4671,304,134,492,0,10
2023/10/24 6:00,8353,4134,4171,286,134,489,44,13
2023/10/24 7:00,8295,4136,3362,257,126,485,1263,18
2023/10/24 8:00,8322,4137,2424,194,91,450,3189,8
2023/10/24 9:00,8981,4139,2034,200,91,401,5170,3
2023/10/24 10:00,9373,4138,2058,177,90,403,6319,1
2023/10/24 11:00,9427,4138,2035,180,90,402,6785,1
2023/10/24 12:00,9213,4134,2036,191,91,404,6399,0
2023/10/24 13:00,9651,4137,2111,171,91,403,6681,1
2023/10/24 14:00,9599,4136,2274,174,91,399,5495,2
2023/10/24 15:00,9313,4137,2903,225,91,449,3115,3
2023/10/24 16:00,9349,4132,3903,400,91,480,1246,3
2023/10/24 17:00,9452,4128,4815,598,120,482,117,8
2023/10/24 18:00,9492,4131,5125,630,134,485,0,4
2023/10/24 19:00,9150,4130,5107,398,134,487,0,5
2023/10/24 20:00,8715,4132,5152,282,134,483,0,12
2023/10/24 21:00,8325,4132,4921,213,135,483,0,22
2023/10/24 22:00,8001,4129,4550,191,135,485,0,26
2023/10/24 23:00,7708,4130,4290,164,135,485,0,42
2023/10/25 0:00,7204,4130,4000,159,134,486,0,35
2023/10/25 1:00,7018,4131,3875,175,134,486,0,35
2023/10/25 2:00,7305,4133,4190,177,134,482,0,40
2023/10/25 3:00,7925,4134,4520,218,134,485,0,39
2023/10/25 4:00,8402,4134,4534,295,134,481,0,44
2023/10/25 5:00,8538,4133,4448,381,134,481,0,49
2023/10/25 6:00,8400,4133,4339,393,134,484,39,36
2023/10/25 7:00,8254,4136,3588,259,124,483,1283,31
2023/10/25 8:00,8214,4135,2466,212,91,452,3538,21
2023/10/25 9:00,8992,4132,2067,184,91,402,5827,13
2023/10/25 10:00,9462,4135,2027,177,91,401,6623,7
2023/10/25 11:00,9467,4130,2009,167,91,401,6726,4
2023/10/25 12:00,9227,4134,1995,168,91,401,6428,6
2023/10/25 13:00,9744,4132,2089,179,91,396,6350,7
2023/10/25 14:00,9806,4135,2181,161,91,399,5986,7
2023/10/25 15:00,9493,4134,2759,179,91,414,4080,8
2023/10/25 16:00,9498,4135,4014,315,91,473,1613,11
2023/10/25 17:00,9409,4128,4820,578,91,477,116,13
2023/10/25 18:00,9518,4128,5049,544,91,476,0,24
2023/10/25 19:00,9141,4127,4933,367,91,478,0,30
2023/10/25 20:00,8752,4137,4894,312,91,475,0,25
2023/10/25 21:00,8327,4134,4981,240,91,477,0,22
2023/10/25 22:00,8035,4139,4409,181,91,476,0,16
2023/10/25 23:00,7738,4136,4354,171,91,477,0,17
2023/10/26 0:00,7298,4136,4171,170,91,477,0,18
2023/10/26 1:00,7081,4137,3886,170,91,477,0,22
2023/10/26 2:00,7379,4139,4083,173,91,478,0,17
2023/10/26 3:00,7996,4137,4425,210,91,475,0,16
2023/10/26 4:00,8457,4136,4654,327,91,477,0,16
2023/10/26 5:00,8610,4135,4621,358,91,477,0,19
2023/10/26 6:00,8418,4136,4132,395,91,478,36,24
2023/10/26 7:00,8255,4140,3428,253,91,479,1239,15
2023/10/26 8:00,8278,4134,2280,199,91,452,3361,2
2023/10/26 9:00,8948,4137,1970,192,91,395,5499,1
2023/10/26 10:00,9341,4135,1953,182,91,396,6485,0
2023/10/26 11:00,9512,4135,2095,186,91,396,6467,0
2023/10/26 12:00,9201,4134,1992,172,91,397,6295,3
2023/10/26 13:00,9592,4130,2107,171,91,398,6711,6
2023/10/26 14:00,9477,4134,2299,173,90,397,5820,11
2023/10/26 15:00,9346,4135,2906,183,90,440,3915,14
2023/10/26 16:00,9448,4126,4453,440,90,476,1563,12
2023/10/26 17:00,9402,4127,5084,635,90,478,117,13
2023/10/26 18:00,9498,4127,5138,645,90,480,3,15
2023/10/26 19:00,9081,4135,4704,558,90,480,0,14
2023/10/26 20:00,8634,4135,4406,418,90,478,0,20
2023/10/26 21:00,8267,4133,4332,260,90,480,0,20
2023/10/26 22:00,7964,4133,4179,198,90,476,0,24
2023/10/26 23:00,7772,4134,4264,181,90,481,0,25
2023/10/27 0:00,7235,4133,4180,167,90,480,0,22
2023/10/27 1:00,7007,4134,3930,166,90,483,0,31
2023/10/27 2:00,7300,4136,4088,178,90,482,0,31
2023/10/27 3:00,7910,4136,4426,213,90,484,0,38
2023/10/27 4:00,8358,4131,4634,282,90,479,0,49
2023/10/27 5:00,8442,4134,4574,450,90,484,0,44
2023/10/27 6:00,8258,4136,4108,477,90,483,33,42
2023/10/27 7:00,8255,4136,3645,344,90,481,1046,34
2023/10/27 8:00,8504,4136,2781,210,90,457,2717,33
2023/10/27 9:00,9244,4136,2365,188,90,405,3920,32
2023/10/27 10:00,9422,4136,2154,164,90,405,4947,61
2023/10/27 11:00,9414,4135,2127,165,90,405,5532,95
2023/10/27 12:00,9130,4130,2277,159,90,405,5129,97
2023/10/27 13:00,9250,4132,2418,166,90,406,4862,99
2023/10/27 14:00,9076,4135,2294,168,90,408,4743,62
2023/10/27 15:00,9096,4135,2951,201,119,454,3588,49
2023/10/27 16:00,9262,4134,4490,334,133,480,1398,35
2023/10/27 17:00,9203,4133,4930,692,134,480,89,41
2023/10/27 18:00,9302,4127,5040,590,134,480,0,66
2023/10/27 19:00,8937,4128,5007,344,134,482,0,82
2023/10/27 20:00,8564,4129,4918,295,134,483,0,99
2023/10/27 21:00,8231,4132,4687,208,134,480,0,141
2023/10/27 22:00,7819,4137,4206,205,134,483,0,150
2023/10/27 23:00,7617,4134,4097,208,134,482,0,132
2023/10/28 0:00,7120,4135,3723,180,134,484,0,136
2023/10/28 1:00,6898,4135,3439,171,134,483,0,131
2023/10/28 2:00,7191,4136,3591,180,134,484,0,142
2023/10/28 3:00,7721,4138,4105,230,134,486,0,134
2023/10/28 4:00,8115,4137,4295,415,134,486,0,119
2023/10/28 5:00,8109,4137,4132,479,134,484,0,105
2023/10/28 6:00,7642,4137,3365,441,134,484,29,94
2023/10/28 7:00,7405,4141,2197,265,134,461,1054,81
2023/10/28 8:00,7207,4139,1696,210,134,410,3105,65
2023/10/28 9:00,7753,4139,1619,192,134,407,4685,59
2023/10/28 10:00,7956,4138,1690,171,134,408,4928,54
2023/10/28 11:00,8105,4136,1722,180,134,410,5103,49
2023/10/28 12:00,7861,4135,1761,177,134,412,5087,40
2023/10/28 13:00,7957,4132,1882,169,134,408,4988,33
2023/10/28 14:00,8018,4134,2036,174,133,409,4778,28
2023/10/28 15:00,7913,4134,2275,219,133,410,3603,35
2023/10/28 16:00,8047,4130,3202,451,133,457,1417,32
2023/10/28 17:00,8192,4126,3775,775,133,481,75,37
2023/10/28 18:00,8425,4136,3784,544,134,480,0,47
2023/10/28 19:00,8171,4131,3658,344,134,482,0,58
2023/10/28 20:00,7863,4137,3505,288,134,483,0,63
2023/10/28 21:00,7579,4137,3489,201,134,484,0,71
2023/10/28 22:00,7270,4136,3363,193,134,484,0,70
2023/10/28 23:00,7121,4136,3439,190,134,486,0,60
2023/10/29 0:00,6640,4135,3337,179,134,483,0,58
2023/10/29 1:00,6466,4135,3105,185,134,484,0,60
2023/10/29 2:00,6759,4133,3360,190,134,486,0,61
2023/10/29 3:00,7416,4135,3769,220,134,488,0,54
2023/10/29 4:00,7864,4132,4086,331,134,487,0,58
2023/10/29 5:00,7793,4134,3853,396,134,485,0,63
2023/10/29 6:00,7274,4135,3123,390,134,487,24,69
2023/10/29 7:00,6962,4138,2273,296,134,465,958,58
2023/10/29 8:00,6848,4139,1879,220,134,408,2640,36
2023/10/29 9:00,7321,4138,1715,188,134,412,4172,26
2023/10/29 10:00,7381,4139,1672,161,134,409,4820,21
2023/10/29 11:00,7415,4137,1643,169,134,410,4750,25
2023/10/29 12:00,7449,4135,1830,168,134,409,4342,22
2023/10/29 13:00,7341,4135,1770,159,134,411,4056,38
2023/10/29 14:00,7351,4134,1701,166,134,410,4167,60
2023/10/29 15:00,7306,4137,1746,189,134,425,3562,53
2023/10/29 16:00,7433,4137,2449,266,134,482,1497,53
2023/10/29 17:00,7936,4133,3186,617,134,483,83,52
2023/10/29 18:00,8279,4131,3412,598,134,484,0,48
2023/10/29 19:00,8092,4131,3570,377,134,484,0,39
2023/10/29 20:00,7836,4134,3600,310,134,487,0,47
2023/10/29 21:00,7466,4139,3524,235,134,483,0,45
2023/10/29 22:00,7247,4139,3331,199,134,481,0,44
2023/10/29 23:00,6960,4139,3361,191,134,486,0,51
2023/10/30 0:00,6539,4137,3041,180,134,486,0,46
2023/10/30 1:00,6379,4136,2849,174,134,486,0,39
2023/10/30 2:00,6804,4135,3235,190,135,487,0,36
2023/10/30 3:00,7470,4137,3840,239,134,487,0,33
2023/10/30 4:00,7990,4135,4099,337,134,484,0,30
2023/10/30 5:00,8221,4135,4198,389,135,483,0,26
2023/10/30 6:00,8212,4135,4093,390,135,484,18,17
2023/10/30 7:00,8196,4143,3485,272,135,479,954,19
2023/10/30 8:00,8258,4139,2287,200,134,423,3058,13
2023/10/30 9:00,8731,4140,1833,182,134,405,5135,6
2023/10/30 10:00,9058,4138,1807,161,134,406,5954,3
2023/10/30 11:00,9042,4138,1834,169,134,406,6153,4
2023/10/30 12:00,8850,4140,1879,169,134,408,6020,4
2023/10/30 13:00,9249,4135,1888,163,134,406,6244,6
2023/10/30 14:00,9194,4136,1973,168,134,421,5730,5
2023/10/30 15:00,8992,4134,2560,190,134,490,3809,3
2023/10/30 16:00,9158,4131,3718,294,134,542,1446,3
2023/10/30 17:00,9207,4127,4443,698,134,546,77,8
2023/10/30 18:00,9356,4128,4603,561,134,554,0,10
2023/10/30 19:00,9005,4133,4789,363,134,565,0,10
2023/10/30 20:00,8687,4137,4885,288,134,564,0,10
2023/10/30 21:00,8266,4139,4686,211,134,567,0,10
2023/10/30 22:00,7941,4136,4458,180,135,570,0,8
2023/10/30 23:00,7649,4139,4376,168,135,573,0,8
2023/10/31 0:00,7160,4136,4036,168,135,572,0,5
2023/10/31 1:00,6972,4138,3809,186,135,569,0,6
2023/10/31 2:00,7327,4132,3992,211,135,569,0,7
2023/10/31 3:00,8011,4134,4373,260,135,571,0,9
2023/10/31 4:00,8492,4132,4666,344,135,571,0,7
2023/10/31 5:00,8631,4136,4501,417,135,570,0,9
2023/10/31 6:00,8567,4136,4282,389,135,567,21,9
2023/10/31 7:00,8438,4139,3344,282,135,567,1076,12
2023/10/31 8:00,8332,4138,2288,203,135,509,3313,7
2023/10/31 9:00,8920,4140,1960,184,135,487,5521,1
2023/10/31 10:00,9290,4137,1951,159,135,488,6145,1
2023/10/31 11:00,9302,4141,1949,164,135,487,6208,0
2023/10/31 12:00,8953,4138,1989,164,134,486,5825,0
2023/10/31 13:00,9349,4137,2014,159,135,485,6145,1
2023/10/31 14:00,9409,4137,2119,178,134,482,5984,3
2023/10/31 15:00,9070,4137,2610,204,134,520,3847,1
2023/10/31 16:00,9297,4135,3940,309,134,547,1413,2
2023/10/31 17:00,9367,4128,4408,686,134,546,69,6
2023/10/31 18:00,9434,4129,4698,561,135,531,0,5
2023/10/31 19:00,9095,4131,4633,318,135,529,0,4
2023/10/31 20:00,8717,4140,4558,222,135,527,0,4
2023/10/31 21:00,8357,4138,4392,168,135,534,0,4
2023/10/31 22:00,7998,4139,4237,162,135,531,0,4
2023/10/31 23:00,7716,4137,4132,166,135,532,0,4
