,,,,,,,ëæózåı,ëæózåı,ïóóÕ,ïóóÕ,,
DATE_TIME,ÉGÉäÉAé˘óvÅkMWhÅl,å¥éqóÕÅkMWhÅl,âŒóÕÅkMWhÅl,êÖóÕÅkMWhÅl,ínîMÅkMWhÅl,ÉoÉCÉIÉ}ÉXÅkMWhÅl,é¿ê—ÅkMWhÅl,ó}êßó ÅkMWhÅl,é¿ê—ÅkMWhÅl,ó}êßó ÅkMWhÅl,ógêÖìôÅkMWhÅl,òAånê¸ÅkMWhÅl
2023/10/1 0:00,7625,4109,4123,235,149,570,0,0,21,0,-18,-1564
2023/10/1 1:00,7225,4109,3697,230,148,568,0,0,25,0,-16,-1536
2023/10/1 2:00,7232,4107,3692,233,148,568,0,0,26,0,14,-1556
2023/10/1 3:00,7522,4106,3748,350,148,567,0,0,34,0,103,-1534
2023/10/1 4:00,7827,4101,3817,524,148,566,0,0,31,0,280,-1640
2023/10/1 5:00,7992,4103,3533,475,148,562,0,0,36,0,503,-1368
2023/10/1 6:00,7621,4107,3151,412,149,537,106,0,36,0,335,-1212
2023/10/1 7:00,7508,4110,3053,293,149,473,1036,0,34,0,92,-1732
2023/10/1 8:00,7850,4111,2779,250,151,468,1873,15,31,0,5,-1818
2023/10/1 9:00,8416,4113,2528,230,151,467,2889,231,29,0,-93,-1898
2023/10/1 10:00,8803,4112,2386,221,151,469,4199,208,29,0,-778,-1986
2023/10/1 11:00,9003,4111,2381,240,151,472,5030,426,37,0,-1423,-1996
2023/10/1 12:00,9310,4109,2460,215,151,470,5401,792,48,0,-1622,-1922
2023/10/1 13:00,9178,4108,2526,213,151,470,4633,875,41,0,-1096,-1868
2023/10/1 14:00,9030,4108,2489,212,151,472,4133,307,43,0,-706,-1872
2023/10/1 15:00,9012,4105,2524,284,151,470,3703,93,55,0,-408,-1872
2023/10/1 16:00,8997,4109,3298,335,151,484,2337,0,64,0,-15,-1766
2023/10/1 17:00,9066,4097,4467,623,151,547,575,0,80,0,520,-1994
2023/10/1 18:00,9230,4100,4778,899,152,561,2,0,93,0,709,-2064
2023/10/1 19:00,8899,4103,4832,652,152,565,0,0,102,0,569,-2076
2023/10/1 20:00,8461,4114,4768,364,152,569,0,0,103,0,383,-1992
2023/10/1 21:00,8030,4114,4653,277,153,571,0,0,108,0,92,-1938
2023/10/1 22:00,7656,4117,4228,240,153,572,0,0,101,0,19,-1774
2023/10/1 23:00,7315,4114,3768,230,154,571,0,0,101,0,5,-1628
2023/10/2 0:00,6792,4115,3320,243,154,572,0,0,101,0,-29,-1684
2023/10/2 1:00,6534,4115,2999,256,154,571,0,0,112,0,-23,-1650
2023/10/2 2:00,6671,4113,3151,268,154,572,0,0,97,0,-8,-1676
2023/10/2 3:00,7082,4111,3596,309,154,574,0,0,100,0,-4,-1758
2023/10/2 4:00,7602,4105,3893,447,154,573,0,0,112,0,114,-1796
2023/10/2 5:00,8025,4113,4014,478,154,570,0,0,112,0,338,-1754
2023/10/2 6:00,7941,4110,3768,378,154,569,143,0,99,0,404,-1684
2023/10/2 7:00,8051,4114,3052,244,154,563,1465,0,101,0,74,-1716
2023/10/2 8:00,8747,4117,2861,242,153,492,3331,0,83,0,-332,-2200
2023/10/2 9:00,9726,4121,2589,237,154,469,4984,379,56,0,-430,-2454
2023/10/2 10:00,10245,4119,2485,219,153,468,6463,605,52,0,-1234,-2480
2023/10/2 11:00,10468,4117,2478,229,153,468,7008,814,53,0,-1702,-2336
2023/10/2 12:00,10226,4117,2410,207,153,468,6721,1265,57,0,-1613,-2294
2023/10/2 13:00,10729,4114,2573,208,153,468,7165,540,52,0,-1632,-2372
2023/10/2 14:00,11069,4117,2648,209,153,467,7070,81,48,0,-1231,-2412
2023/10/2 15:00,10870,4108,3347,222,153,520,5455,1,54,0,-691,-2298
2023/10/2 16:00,10800,4112,5247,349,153,563,2621,0,50,0,189,-2484
2023/10/2 17:00,10369,4099,6672,692,153,566,530,0,70,0,81,-2494
2023/10/2 18:00,10188,4105,6725,793,154,569,2,0,71,0,223,-2454
2023/10/2 19:00,9667,4109,6136,509,154,567,0,0,59,0,477,-2344
2023/10/2 20:00,9122,4124,5732,302,154,561,0,0,66,0,419,-2236
2023/10/2 21:00,8631,4121,5353,293,154,561,0,0,69,0,164,-2084
2023/10/2 22:00,8254,4120,4810,234,155,564,0,0,68,0,19,-1716
2023/10/2 23:00,7948,4120,4407,215,155,568,0,0,66,0,19,-1602
2023/10/3 0:00,7446,4119,4003,204,154,566,0,0,83,0,-1,-1682
2023/10/3 1:00,7154,4120,3714,203,155,565,0,0,106,0,-27,-1682
2023/10/3 2:00,7245,4117,3722,222,155,567,0,0,107,0,-15,-1630
2023/10/3 3:00,7628,4116,4290,312,155,569,0,0,95,0,1,-1910
2023/10/3 4:00,8092,4109,4416,443,155,571,0,0,75,0,141,-1818
2023/10/3 5:00,8409,4110,4397,516,155,571,0,0,84,0,436,-1860
2023/10/3 6:00,8220,4111,3978,423,154,571,136,0,85,0,530,-1768
2023/10/3 7:00,8255,4121,3325,278,154,565,1412,0,67,0,97,-1764
2023/10/3 8:00,8910,4124,2841,240,154,555,3105,0,62,0,-281,-1890
2023/10/3 9:00,9735,4121,2607,220,151,488,4681,0,52,0,-269,-2316
2023/10/3 10:00,10164,4122,2468,206,151,466,5400,0,48,0,-343,-2354
2023/10/3 11:00,10411,4123,2653,215,151,466,5834,0,52,0,-727,-2356
2023/10/3 12:00,10202,4119,2867,198,149,465,5261,0,49,0,-604,-2302
2023/10/3 13:00,10489,4121,3411,196,150,484,4622,0,37,0,-144,-2388
2023/10/3 14:00,10526,4118,3914,196,149,547,3784,0,33,0,-331,-1884
2023/10/3 15:00,10398,4117,5100,214,151,558,2477,0,33,0,84,-2336
2023/10/3 16:00,10373,4115,6137,352,151,564,1252,0,35,0,245,-2478
2023/10/3 17:00,10274,4114,6429,643,152,566,221,0,35,0,580,-2466
2023/10/3 18:00,10248,4113,6233,758,152,568,0,0,37,0,779,-2392
2023/10/3 19:00,9811,4108,6017,506,152,565,0,0,51,0,704,-2292
2023/10/3 20:00,9295,4115,5748,319,152,563,0,0,50,0,494,-2146
2023/10/3 21:00,8831,4113,5185,285,152,564,0,0,52,0,304,-1824
2023/10/3 22:00,8532,4120,4517,219,152,566,0,0,48,0,308,-1398
2023/10/3 23:00,8213,4117,4466,198,152,568,0,0,31,0,217,-1536
2023/10/4 0:00,7624,4116,4311,193,152,568,0,0,34,0,-2,-1748
2023/10/4 1:00,7319,4116,3910,191,152,566,0,0,34,0,-22,-1628
2023/10/4 2:00,7432,4117,4054,195,152,565,0,0,27,0,-10,-1668
2023/10/4 3:00,7814,4115,4482,323,152,568,0,0,19,0,55,-1900
2023/10/4 4:00,8243,4104,4659,456,152,568,0,0,20,0,260,-1976
2023/10/4 5:00,8527,4107,4576,490,152,567,0,0,24,0,417,-1806
2023/10/4 6:00,8383,4107,4178,372,152,568,79,0,28,0,415,-1516
2023/10/4 7:00,8522,4117,3612,278,152,569,985,0,24,0,97,-1312
2023/10/4 8:00,9382,4118,3306,224,151,542,2404,0,16,0,-367,-1012
2023/10/4 9:00,10127,4086,3387,204,149,505,4020,0,10,0,-36,-2198
2023/10/4 10:00,10620,4028,2948,195,149,499,5674,0,6,0,-499,-2380
2023/10/4 11:00,10852,4038,2933,185,150,504,6333,0,5,0,-948,-2348
2023/10/4 12:00,10717,4066,2826,186,148,503,7231,0,12,0,-1893,-2362
2023/10/4 13:00,11287,4087,3271,189,147,498,6109,0,12,0,-660,-2366
2023/10/4 14:00,11365,4109,3464,186,147,533,5243,0,11,0,-576,-1752
2023/10/4 15:00,11270,4116,4546,185,148,555,3595,0,8,0,9,-1892
2023/10/4 16:00,11055,4116,6050,337,149,565,1753,0,9,0,330,-2254
2023/10/4 17:00,10702,4106,6379,617,149,572,360,0,11,0,532,-2024
2023/10/4 18:00,10549,4104,6259,738,149,569,0,0,16,0,480,-1766
2023/10/4 19:00,10106,4106,6300,485,151,568,0,0,29,0,543,-2076
2023/10/4 20:00,9514,4111,5948,334,151,565,0,0,24,0,541,-2160
2023/10/4 21:00,9022,4117,5386,305,152,567,0,0,25,0,184,-1714
2023/10/4 22:00,8590,4118,4783,257,152,569,0,0,30,0,117,-1436
2023/10/4 23:00,8239,4120,4587,207,152,570,0,0,34,0,37,-1468
2023/10/5 0:00,7634,4116,4358,193,152,568,0,0,35,0,-16,-1772
2023/10/5 1:00,7375,4118,4184,191,152,566,0,0,44,0,-16,-1864
2023/10/5 2:00,7448,4119,4200,231,153,569,0,0,72,0,-24,-1872
2023/10/5 3:00,7792,4116,4477,304,153,571,0,0,86,0,63,-1978
2023/10/5 4:00,8204,4112,4567,392,154,570,0,0,91,0,332,-2014
2023/10/5 5:00,8501,4112,4602,537,153,573,0,0,121,0,397,-1994
2023/10/5 6:00,8300,4111,4580,575,153,570,87,0,138,0,136,-2050
2023/10/5 7:00,8439,4118,4268,262,153,561,975,0,157,0,49,-2104
2023/10/5 8:00,9128,4116,4229,215,152,513,1937,0,144,0,78,-2256
2023/10/5 9:00,9746,4118,4078,201,150,444,2848,1,117,0,200,-2410
2023/10/5 10:00,9997,4119,3278,193,150,448,4209,1,121,0,-69,-2452
2023/10/5 11:00,10049,4121,2870,198,150,449,4743,1,124,0,-250,-2356
2023/10/5 12:00,9766,4121,2622,188,151,450,5698,1,113,0,-1095,-2482
2023/10/5 13:00,9992,4117,2657,186,151,447,6135,1,93,0,-1350,-2444
2023/10/5 14:00,10174,4120,2817,187,151,450,5580,1,94,0,-829,-2396
2023/10/5 15:00,9824,4125,3555,198,153,507,3857,0,91,0,-350,-2312
2023/10/5 16:00,10022,4120,4617,273,153,561,2327,0,93,0,-204,-1918
2023/10/5 17:00,9822,4118,5627,545,153,565,486,0,81,0,101,-1854
2023/10/5 18:00,9797,4112,5434,748,153,569,1,0,76,0,340,-1636
2023/10/5 19:00,9345,4113,5083,511,154,568,0,0,68,0,538,-1690
2023/10/5 20:00,8845,4114,4797,340,154,568,0,0,72,0,630,-1830
2023/10/5 21:00,8415,4121,4940,282,155,570,0,0,73,0,198,-1924
2023/10/5 22:00,8092,4123,4783,219,155,567,0,0,68,0,11,-1834
2023/10/5 23:00,7799,4124,4509,203,155,569,0,0,73,0,2,-1836
2023/10/6 0:00,7248,4124,4032,208,155,569,0,0,82,0,-18,-1904
2023/10/6 1:00,7021,4124,3749,218,155,569,0,0,88,0,-26,-1856
2023/10/6 2:00,7176,4123,3884,254,155,572,0,0,84,0,-2,-1894
2023/10/6 3:00,7638,4124,4370,312,155,571,0,0,88,0,-6,-1976
2023/10/6 4:00,8158,4119,4777,384,155,567,0,0,86,0,86,-2016
2023/10/6 5:00,8414,4120,4282,387,155,571,0,0,91,0,662,-1854
2023/10/6 6:00,8257,4122,3743,570,155,571,147,0,80,0,745,-1876
2023/10/6 7:00,8165,4128,3281,349,155,564,1683,0,66,0,-17,-2044
2023/10/6 8:00,8628,4125,2905,266,155,477,3893,0,44,0,-1023,-2214
2023/10/6 9:00,9461,4126,2976,232,154,452,5103,694,32,0,-1372,-2242
2023/10/6 10:00,9613,4126,2851,207,153,452,5625,1708,16,0,-1443,-2374
2023/10/6 11:00,9760,4124,2802,212,152,451,6063,2051,7,1,-1697,-2354
2023/10/6 12:00,9483,4124,2808,199,152,453,5819,2550,11,1,-1865,-2218
2023/10/6 13:00,10030,4122,3056,199,152,452,5970,1851,15,0,-1660,-2276
2023/10/6 14:00,10294,4126,3101,221,152,453,5702,686,14,0,-1185,-2290
2023/10/6 15:00,9985,4123,3312,257,154,473,4327,2,17,0,-598,-2080
2023/10/6 16:00,9868,4124,4208,353,153,558,1969,0,15,0,150,-1662
2023/10/6 17:00,9629,4119,4972,659,154,572,337,0,15,0,543,-1742
2023/10/6 18:00,9625,4116,5238,780,154,573,0,0,19,0,481,-1736
2023/10/6 19:00,9233,4118,5217,536,154,567,0,0,19,0,262,-1640
2023/10/6 20:00,8776,4123,5024,361,154,568,0,0,13,0,251,-1718
2023/10/6 21:00,8347,4122,4868,315,154,570,0,0,14,0,170,-1866
2023/10/6 22:00,8078,4127,4792,273,154,571,0,0,13,0,30,-1882
2023/10/6 23:00,7833,4125,4313,249,154,571,0,0,18,0,11,-1608
2023/10/7 0:00,7254,4127,3808,249,154,571,0,0,17,0,-8,-1664
2023/10/7 1:00,6966,4124,3497,251,154,571,0,0,15,0,-12,-1634
2023/10/7 2:00,7126,4124,3728,265,153,572,0,0,16,0,-46,-1686
2023/10/7 3:00,7558,4126,4146,356,154,573,0,0,15,0,-6,-1806
2023/10/7 4:00,7931,4121,4456,440,154,576,0,0,25,0,1,-1842
2023/10/7 5:00,8049,4121,4454,475,154,576,0,0,32,0,1,-1764
2023/10/7 6:00,7606,4119,3990,415,154,576,64,0,34,0,0,-1746
2023/10/7 7:00,7402,4127,3226,354,153,573,853,0,31,0,-103,-1812
2023/10/7 8:00,7735,4123,2795,291,153,573,2164,0,26,0,-478,-1912
2023/10/7 9:00,8272,4127,2354,251,151,527,3622,0,19,0,-877,-1902
2023/10/7 10:00,8518,4123,2047,229,151,451,4824,0,13,0,-1276,-2044
2023/10/7 11:00,8687,4125,1919,222,151,451,5535,0,11,0,-1785,-1942
2023/10/7 12:00,8702,4123,2080,218,151,451,4521,477,7,0,-1019,-1830
2023/10/7 13:00,8661,4123,2173,211,151,448,3500,172,14,0,-93,-1866
2023/10/7 14:00,8485,4125,2591,212,151,513,2622,0,19,0,108,-1856
2023/10/7 15:00,8466,4124,3207,230,153,568,1650,0,31,0,341,-1838
2023/10/7 16:00,8510,4125,3880,306,153,572,861,0,30,0,471,-1888
2023/10/7 17:00,8639,4115,4391,524,153,573,147,0,37,0,649,-1950
2023/10/7 18:00,8814,4114,4307,769,153,570,0,0,47,0,634,-1780
2023/10/7 19:00,8563,4115,4140,598,154,571,0,0,54,0,687,-1756
2023/10/7 20:00,8247,4124,4030,398,154,573,0,0,72,0,596,-1700
2023/10/7 21:00,7869,4126,3739,380,154,571,0,0,78,0,511,-1690
2023/10/7 22:00,7602,4123,3893,340,154,572,0,0,99,0,85,-1664
2023/10/7 23:00,7342,4126,3714,333,154,572,0,0,113,0,14,-1684
2023/10/8 0:00,6841,4125,3196,339,153,574,0,0,112,0,6,-1664
2023/10/8 1:00,6609,4125,2931,331,154,573,0,0,116,0,-3,-1618
2023/10/8 2:00,6787,4122,3186,332,153,574,0,0,136,0,-20,-1696
2023/10/8 3:00,7233,4125,3576,436,154,577,0,0,167,0,-18,-1784
2023/10/8 4:00,7643,4118,3864,536,154,578,0,0,187,0,20,-1814
2023/10/8 5:00,7653,4120,3775,584,154,576,0,0,208,0,6,-1770
2023/10/8 6:00,7156,4122,3341,470,152,570,6,0,220,0,1,-1726
2023/10/8 7:00,7015,4125,3167,417,153,573,100,0,216,0,0,-1736
2023/10/8 8:00,7394,4126,3459,410,153,570,310,0,209,0,-11,-1832
2023/10/8 9:00,7726,4126,3558,432,151,569,497,0,225,0,-4,-1828
2023/10/8 10:00,7794,4125,3481,444,151,574,724,0,217,0,2,-1924
2023/10/8 11:00,7834,4124,3265,458,151,573,1050,0,203,0,-2,-1988
2023/10/8 12:00,7804,4126,3159,481,151,571,1078,0,214,0,-20,-1956
2023/10/8 13:00,7726,4125,3009,500,150,571,1149,0,211,0,-23,-1966
2023/10/8 14:00,7674,4124,3043,519,151,572,994,0,213,0,-4,-1938
2023/10/8 15:00,7786,4125,3382,525,153,574,695,0,203,0,21,-1892
2023/10/8 16:00,7921,4127,3906,589,152,575,325,0,179,0,8,-1940
2023/10/8 17:00,8278,4116,4132,855,153,570,61,0,171,0,262,-2042
2023/10/8 18:00,8521,4116,4069,963,153,572,0,0,168,0,584,-2104
2023/10/8 19:00,8294,4114,4008,746,153,574,0,0,160,0,545,-2006
2023/10/8 20:00,7966,4125,3887,630,153,573,0,0,152,0,354,-1908
2023/10/8 21:00,7644,4126,3734,525,152,578,0,0,139,0,234,-1844
2023/10/8 22:00,7394,4123,3585,498,152,577,0,0,135,0,132,-1808
2023/10/8 23:00,7167,4125,3442,489,152,576,0,0,147,0,14,-1778
2023/10/9 0:00,6756,4126,2769,465,150,577,0,0,134,0,5,-1470
2023/10/9 1:00,6481,4124,2376,448,151,574,0,0,133,0,-11,-1314
2023/10/9 2:00,6754,4126,2675,454,151,576,0,0,127,0,-15,-1340
2023/10/9 3:00,7193,4122,3342,549,151,576,0,0,142,0,-9,-1680
2023/10/9 4:00,7738,4120,3780,684,152,573,0,0,121,0,14,-1706
2023/10/9 5:00,7817,4122,3563,736,152,574,0,0,105,0,-1,-1434
2023/10/9 6:00,7431,4120,3277,652,152,570,31,0,86,0,-13,-1444
2023/10/9 7:00,7455,4126,2802,535,152,569,475,0,73,0,1,-1278
2023/10/9 8:00,7841,4123,2292,412,151,523,1527,0,65,0,-116,-1136
2023/10/9 9:00,8242,4123,2164,398,148,443,2749,0,56,0,-39,-1800
2023/10/9 10:00,8496,4121,2145,359,148,444,3393,0,34,0,-260,-1888
2023/10/9 11:00,8746,4120,2056,331,148,443,3971,0,43,0,-482,-1884
2023/10/9 12:00,8687,4121,1953,284,148,443,3977,0,31,0,-396,-1874
2023/10/9 13:00,8734,4119,2391,272,147,445,3138,0,34,0,18,-1830
2023/10/9 14:00,8669,4122,2464,267,148,507,2671,0,44,0,-292,-1262
2023/10/9 15:00,8579,4122,2734,298,150,560,2115,0,49,0,-603,-846
2023/10/9 16:00,8737,4122,3517,448,150,568,937,0,70,0,197,-1272
2023/10/9 17:00,9067,4112,4101,704,150,568,176,0,56,0,636,-1436
2023/10/9 18:00,9230,4116,4612,855,150,569,1,0,54,0,553,-1680
2023/10/9 19:00,8958,4115,4708,715,150,572,0,0,69,0,539,-1910
2023/10/9 20:00,8632,4125,4438,572,150,571,0,0,69,0,431,-1724
2023/10/9 21:00,8233,4123,4185,468,151,572,0,0,73,0,249,-1588
2023/10/9 22:00,7866,4126,3902,355,151,570,0,0,68,0,220,-1526
2023/10/9 23:00,7594,4122,3761,353,151,571,0,0,72,0,94,-1530
2023/10/10 0:00,7045,4125,3342,354,152,575,0,0,85,0,-18,-1570
2023/10/10 1:00,6819,4125,3164,355,152,572,0,0,81,0,-24,-1606
2023/10/10 2:00,6990,4125,3344,365,152,573,0,0,90,0,-23,-1636
2023/10/10 3:00,7409,4122,3658,475,152,574,0,0,125,0,59,-1756
2023/10/10 4:00,7916,4121,3888,593,152,574,0,0,126,0,270,-1808
2023/10/10 5:00,8116,4121,3883,657,152,575,0,0,124,0,372,-1768
2023/10/10 6:00,7933,4124,3718,516,152,562,110,0,122,0,309,-1680
2023/10/10 7:00,7971,4126,2919,398,152,473,1465,0,121,0,65,-1748
2023/10/10 8:00,8656,4126,2368,257,152,445,3460,0,129,0,-113,-2168
2023/10/10 9:00,9600,4108,2178,230,150,443,5315,177,107,0,-869,-2062
2023/10/10 10:00,9950,4039,2004,216,150,442,6165,652,107,0,-1115,-2058
2023/10/10 11:00,10059,4049,2030,219,150,442,6491,1092,98,2,-1340,-2080
2023/10/10 12:00,9693,4081,2008,215,149,446,6460,1380,90,1,-1664,-2092
2023/10/10 13:00,10041,4110,2099,225,150,443,6697,710,90,0,-1625,-2148
2023/10/10 14:00,10120,4124,2266,242,150,444,6431,4,104,0,-1393,-2248
2023/10/10 15:00,9906,4125,2882,266,151,461,4395,3,116,0,-190,-2300
2023/10/10 16:00,9945,4126,4131,410,153,551,2002,0,127,0,441,-1996
2023/10/10 17:00,9745,4117,4818,639,153,565,307,0,111,0,767,-1732
2023/10/10 18:00,9789,4117,4786,797,153,569,1,0,109,0,841,-1584
2023/10/10 19:00,9359,4120,4530,565,154,569,0,0,114,0,781,-1474
2023/10/10 20:00,8909,4123,4501,441,154,568,0,0,139,0,503,-1520
2023/10/10 21:00,8459,4126,4469,356,154,567,0,0,153,0,240,-1606
2023/10/10 22:00,8191,4128,4463,310,154,568,0,0,130,0,108,-1670
2023/10/10 23:00,7915,4126,4302,292,154,569,0,0,117,0,35,-1680
2023/10/11 0:00,7386,4127,3680,262,154,570,0,0,127,0,-10,-1524
2023/10/11 1:00,7090,4126,3392,269,154,568,0,0,129,0,-36,-1512
2023/10/11 2:00,7283,4126,3652,303,155,568,0,0,121,0,-12,-1630
2023/10/11 3:00,7759,4128,3879,345,155,569,0,0,119,0,190,-1626
2023/10/11 4:00,8259,4125,4188,383,155,570,0,0,106,0,348,-1616
2023/10/11 5:00,8408,4125,3960,505,155,567,0,0,113,0,523,-1540
2023/10/11 6:00,8237,4127,3867,500,154,567,53,0,95,0,468,-1594
2023/10/11 7:00,8148,4128,3397,387,154,560,901,0,93,0,216,-1688
2023/10/11 8:00,8590,4129,2897,264,154,489,2413,0,101,0,-1,-1856
2023/10/11 9:00,9155,4132,2332,212,153,465,4232,2,99,0,-462,-2008
2023/10/11 10:00,9521,4133,1947,196,153,465,5814,146,107,0,-1248,-2046
2023/10/11 11:00,9757,4131,1914,197,154,465,6508,857,93,0,-1689,-2016
2023/10/11 12:00,9389,4124,1865,213,153,467,6470,1259,79,0,-1914,-2068
2023/10/11 13:00,9858,4128,1960,198,154,464,6603,997,78,0,-1591,-2136
2023/10/11 14:00,10008,4128,2132,218,154,466,6474,246,75,0,-1443,-2196
2023/10/11 15:00,9807,4125,2735,218,155,523,4675,2,70,0,-594,-2100
2023/10/11 16:00,9859,4127,4179,365,156,561,2205,0,71,0,267,-2072
2023/10/11 17:00,9735,4117,5193,492,155,565,322,0,73,0,796,-1978
2023/10/11 18:00,9746,4120,5346,617,155,566,0,0,86,0,630,-1774
2023/10/11 19:00,9350,4119,5001,399,156,570,0,0,80,0,601,-1576
2023/10/11 20:00,8858,4124,4570,344,155,568,0,0,75,0,702,-1680
2023/10/11 21:00,8456,4126,4287,309,156,566,0,0,63,0,645,-1696
2023/10/11 22:00,8207,4126,4314,259,156,569,0,0,51,0,436,-1704
2023/10/11 23:00,7922,4123,4200,251,156,572,0,0,37,0,187,-1604
2023/10/12 0:00,7396,4126,3974,226,155,570,0,0,35,0,-22,-1668
2023/10/12 1:00,7133,4125,3682,217,156,567,0,0,31,0,-7,-1638
2023/10/12 2:00,7329,4127,3727,219,156,568,0,0,33,0,-17,-1484
2023/10/12 3:00,7798,4129,3833,325,156,570,0,0,34,0,103,-1352
2023/10/12 4:00,8304,4125,4061,367,156,571,0,0,41,0,399,-1416
2023/10/12 5:00,8552,4125,4003,615,156,573,0,0,40,0,588,-1548
2023/10/12 6:00,8300,4126,3204,595,156,564,90,0,43,0,806,-1284
2023/10/12 7:00,8172,4132,2534,371,156,551,1574,0,35,0,239,-1420
2023/10/12 8:00,8593,4128,2123,263,156,451,3905,40,27,0,-534,-1926
2023/10/12 9:00,9395,4128,1891,225,153,426,5622,607,23,0,-1029,-2044
2023/10/12 10:00,9641,4127,1840,222,153,432,6161,1453,35,0,-1285,-2044
2023/10/12 11:00,9643,4127,1808,227,153,433,6416,1597,62,0,-1615,-1968
2023/10/12 12:00,9336,4125,1846,243,153,432,6255,1819,97,0,-1719,-2096
2023/10/12 13:00,9696,4124,1906,240,153,432,6469,1004,105,0,-1595,-2138
2023/10/12 14:00,10055,4123,2067,234,153,431,6548,248,109,0,-1480,-2130
2023/10/12 15:00,9669,4124,2431,246,155,493,4837,3,100,0,-629,-2088
2023/10/12 16:00,9824,4118,3560,275,155,545,2313,0,105,0,465,-1712
2023/10/12 17:00,9653,4118,4634,406,155,544,326,0,110,0,1080,-1720
2023/10/12 18:00,9697,4121,4585,562,155,550,0,0,132,0,1044,-1452
2023/10/12 19:00,9252,4128,4570,450,155,546,0,0,124,0,669,-1390
2023/10/12 20:00,8817,4127,4503,299,156,549,0,0,116,0,527,-1460
2023/10/12 21:00,8372,4129,4355,295,156,548,0,0,102,0,223,-1436
2023/10/12 22:00,8133,4127,4016,275,155,550,0,0,92,0,344,-1426
2023/10/12 23:00,7883,4126,3962,259,156,552,0,0,89,0,85,-1346
2023/10/13 0:00,7356,4125,3925,259,156,550,0,0,81,0,-6,-1734
2023/10/13 1:00,7108,4127,3655,259,157,549,0,0,73,0,-48,-1664
2023/10/13 2:00,7328,4126,3948,259,156,553,0,0,82,0,-12,-1784
2023/10/13 3:00,7808,4128,4375,317,157,552,0,0,87,0,-6,-1802
2023/10/13 4:00,8290,4125,4447,388,157,553,0,0,85,0,143,-1608
2023/10/13 5:00,8460,4125,4353,431,157,552,0,0,73,0,427,-1658
2023/10/13 6:00,8228,4128,3739,535,157,547,76,0,72,0,586,-1612
2023/10/13 7:00,8133,4132,3176,288,156,542,1203,0,53,0,141,-1558
2023/10/13 8:00,8428,4129,2535,241,156,455,3292,0,51,0,-655,-1776
2023/10/13 9:00,9066,4129,2089,203,154,431,4828,0,51,0,-825,-1994
2023/10/13 10:00,9463,4127,1945,206,152,429,5526,74,43,0,-1015,-1950
2023/10/13 11:00,9660,4128,2026,192,151,432,5660,305,36,0,-1019,-1946
2023/10/13 12:00,9363,4126,2060,191,151,431,5346,251,35,0,-1023,-1954
2023/10/13 13:00,9685,4125,2280,194,152,432,5013,0,28,0,-595,-1944
2023/10/13 14:00,9748,4124,2733,184,152,431,3986,0,25,0,81,-1968
2023/10/13 15:00,9586,4127,3211,201,154,491,2640,0,22,0,-56,-1204
2023/10/13 16:00,9701,4128,4352,312,153,546,1198,0,29,0,335,-1352
2023/10/13 17:00,9576,4130,5018,443,153,550,172,0,35,0,619,-1544
2023/10/13 18:00,9705,4120,4212,637,154,554,0,0,34,0,1234,-1240
2023/10/13 19:00,9193,4120,4083,397,154,551,0,0,29,0,653,-794
2023/10/13 20:00,8825,4123,3761,312,154,551,0,0,25,0,347,-448
2023/10/13 21:00,8348,4131,3431,287,154,549,0,0,21,0,185,-410
2023/10/13 22:00,8072,4129,3518,279,154,551,0,0,23,0,364,-946
2023/10/13 23:00,7841,4129,3418,233,155,553,0,0,25,0,140,-812
2023/10/14 0:00,7197,4127,3135,224,154,551,0,0,21,0,-23,-992
2023/10/14 1:00,6932,4127,2903,227,155,548,0,0,18,0,-20,-1026
2023/10/14 2:00,7225,4130,3156,240,154,552,0,0,20,0,-19,-1008
2023/10/14 3:00,7652,4128,3428,290,154,554,0,0,20,0,-6,-916
2023/10/14 4:00,8071,4126,3680,330,154,555,0,0,20,0,2,-796
2023/10/14 5:00,8087,4130,3692,346,155,553,0,0,20,0,1,-810
2023/10/14 6:00,7676,4128,3367,498,154,554,12,0,17,0,-4,-1050
2023/10/14 7:00,7526,4130,2838,288,154,554,398,0,13,0,5,-854
2023/10/14 8:00,7806,4133,2442,255,154,551,1231,0,12,0,-18,-954
2023/10/14 9:00,8191,4129,2294,206,152,550,2491,0,8,0,-159,-1480
2023/10/14 10:00,8468,4132,2093,188,152,551,3831,0,8,0,-905,-1582
2023/10/14 11:00,8615,4128,1958,187,152,553,4401,0,5,0,-1145,-1624
2023/10/14 12:00,8624,4126,1725,194,153,551,4185,0,2,0,-610,-1702
2023/10/14 13:00,8544,4127,1512,198,153,551,3923,0,5,0,-371,-1554
2023/10/14 14:00,8450,4125,1752,190,153,550,3373,0,5,0,-192,-1506
2023/10/14 15:00,8446,4128,2341,203,155,551,2197,0,3,0,76,-1208
2023/10/14 16:00,8492,4128,2791,291,155,552,857,0,6,0,238,-526
2023/10/14 17:00,8558,4117,3091,596,155,550,114,0,5,0,872,-942
2023/10/14 18:00,8782,4118,3098,553,155,551,0,0,6,0,1035,-734
2023/10/14 19:00,8522,4122,3132,370,154,554,0,0,7,0,923,-740
2023/10/14 20:00,8146,4129,3156,296,155,553,0,0,13,0,668,-824
2023/10/14 21:00,7733,4129,3176,245,155,555,0,0,34,0,419,-980
2023/10/14 22:00,7415,4127,3147,234,155,557,0,0,49,0,224,-1078
2023/10/14 23:00,7240,4128,3181,235,155,557,0,0,72,0,22,-1110
2023/10/15 0:00,6776,4130,2870,204,157,556,0,0,81,0,-8,-1214
2023/10/15 1:00,6502,4124,2439,203,156,554,0,0,104,0,-18,-1060
2023/10/15 2:00,6669,4125,2687,208,156,556,0,0,108,0,21,-1192
2023/10/15 3:00,7125,4126,2804,271,156,556,0,0,120,0,308,-1216
2023/10/15 4:00,7591,4124,2740,367,156,556,0,0,139,0,557,-1048
2023/10/15 5:00,7652,4126,2623,369,156,557,0,0,137,0,600,-916
2023/10/15 6:00,7119,4127,2446,463,157,553,72,0,138,0,143,-980
2023/10/15 7:00,6862,4130,2156,234,157,548,1378,0,121,0,-686,-1176
2023/10/15 8:00,7092,4129,1921,208,157,457,3323,158,46,87,-1559,-1590
2023/10/15 9:00,7687,4131,2189,203,154,433,3817,1570,7,168,-1781,-1466
2023/10/15 10:00,7854,4129,2006,182,153,430,4138,2430,5,192,-1623,-1566
2023/10/15 11:00,7833,4129,1997,184,153,432,4589,2328,5,184,-1952,-1704
2023/10/15 12:00,7813,4126,1900,182,153,431,4687,2439,5,181,-1827,-1844
2023/10/15 13:00,7917,4124,1796,190,153,429,5079,1904,6,192,-1956,-1904
2023/10/15 14:00,7987,4124,1832,192,153,434,5233,684,8,187,-2149,-1840
2023/10/15 15:00,7908,4126,1953,181,155,431,4065,93,28,143,-1353,-1678
2023/10/15 16:00,7822,4126,2260,259,155,501,1936,0,145,0,-430,-1130
2023/10/15 17:00,8114,4120,2925,636,157,550,239,0,128,0,677,-1318
2023/10/15 18:00,8453,4123,2960,514,157,550,0,0,126,0,971,-948
2023/10/15 19:00,8228,4122,3018,378,157,552,0,0,117,0,870,-986
2023/10/15 20:00,7853,4132,2897,273,157,553,0,0,100,0,813,-1072
2023/10/15 21:00,7541,4131,2511,246,157,557,0,0,84,0,811,-956
2023/10/15 22:00,7235,4130,2415,215,157,557,0,0,81,0,760,-1080
2023/10/15 23:00,6985,4131,2537,201,157,559,0,0,85,0,449,-1134
2023/10/16 0:00,6421,4129,2327,188,157,559,0,0,83,0,-2,-1020
2023/10/16 1:00,6320,4129,2251,174,157,556,0,0,61,0,-20,-988
2023/10/16 2:00,6604,4126,2587,182,157,556,0,0,69,0,-9,-1064
2023/10/16 3:00,7163,4131,3158,259,156,556,0,0,73,0,170,-1340
2023/10/16 4:00,7749,4126,3209,315,156,556,0,0,77,0,512,-1202
2023/10/16 5:00,7962,4129,3269,462,156,556,0,0,81,0,683,-1374
2023/10/16 6:00,7872,4130,3157,529,157,552,70,0,70,0,519,-1312
2023/10/16 7:00,7849,4129,2444,261,157,541,1341,0,55,0,217,-1296
2023/10/16 8:00,8210,4133,1814,197,156,493,3548,0,33,0,-576,-1588
2023/10/16 9:00,9063,4096,1615,179,155,427,5477,188,30,0,-1296,-1620
2023/10/16 10:00,9375,4039,1583,180,154,426,5932,891,49,0,-1368,-1620
2023/10/16 11:00,9520,4053,1648,168,154,426,5984,1394,64,0,-1345,-1632
2023/10/16 12:00,9221,4078,1565,161,153,427,6010,1463,75,0,-1604,-1644
2023/10/16 13:00,9691,4101,1678,161,153,426,6305,715,76,0,-1569,-1640
2023/10/16 14:00,9891,4120,1755,170,153,426,6295,3,84,0,-1452,-1660
2023/10/16 15:00,9708,4125,2356,177,155,483,4439,2,87,0,-482,-1632
2023/10/16 16:00,9726,4127,3165,240,155,525,1988,0,84,0,1078,-1636
2023/10/16 17:00,9499,4119,3592,354,156,541,236,0,71,0,1838,-1408
2023/10/16 18:00,9564,4121,3935,615,156,548,0,0,59,0,1502,-1372
2023/10/16 19:00,9140,4127,4141,405,157,548,0,0,45,0,1011,-1294
2023/10/16 20:00,8665,4130,4100,254,156,543,0,0,36,0,970,-1524
2023/10/16 21:00,8290,4132,4084,231,156,546,0,0,33,0,322,-1214
2023/10/16 22:00,7894,4132,3976,219,156,550,0,0,34,0,17,-1190
2023/10/16 23:00,7640,4129,3752,199,157,552,0,0,33,0,-2,-1180
2023/10/17 0:00,7187,4127,3399,203,157,549,0,0,27,0,-19,-1256
2023/10/17 1:00,6927,4127,3180,216,157,544,0,0,26,0,-11,-1312
2023/10/17 2:00,7178,4127,3379,237,157,547,0,0,39,0,-14,-1294
2023/10/17 3:00,7732,4128,3733,269,157,545,0,0,34,0,-2,-1132
2023/10/17 4:00,8244,4126,4101,293,156,540,0,0,33,0,-5,-1000
2023/10/17 5:00,8430,4125,4161,418,157,547,0,0,35,0,69,-1082
2023/10/17 6:00,8174,4127,3678,530,157,539,68,0,27,0,462,-1414
2023/10/17 7:00,8050,4132,2748,285,156,533,1438,0,17,0,27,-1286
2023/10/17 8:00,8327,4132,2146,192,156,450,3729,0,7,0,-701,-1784
2023/10/17 9:00,9188,4131,1893,177,154,427,5685,151,11,0,-1448,-1842
2023/10/17 10:00,9593,4131,1968,184,154,425,6139,737,15,0,-1599,-1824
2023/10/17 11:00,9688,4133,1710,165,154,427,6377,1046,15,0,-1475,-1818
2023/10/17 12:00,9341,4129,1703,163,153,427,6374,1127,24,0,-1794,-1838
2023/10/17 13:00,9835,4126,1883,167,153,421,6537,689,20,0,-1692,-1780
2023/10/17 14:00,9957,4127,1971,178,153,421,6250,61,14,0,-1411,-1746
2023/10/17 15:00,9596,4125,2499,184,155,488,4318,3,15,0,-462,-1726
2023/10/17 16:00,9663,4130,3542,199,158,541,1925,0,12,0,954,-1798
2023/10/17 17:00,9572,4119,4084,517,158,545,203,0,13,0,1433,-1500
2023/10/17 18:00,9639,4122,4241,478,159,552,0,0,12,0,1319,-1244
2023/10/17 19:00,9236,4124,3954,553,159,550,0,0,16,0,1000,-1120
2023/10/17 20:00,8816,4129,3984,441,159,549,0,0,16,0,618,-1080
2023/10/17 21:00,8330,4129,4008,314,159,552,0,0,14,0,172,-1018
2023/10/17 22:00,8034,4129,3976,228,159,554,0,0,7,0,73,-1092
2023/10/17 23:00,7732,4126,3847,199,159,550,0,0,3,0,-2,-1150
2023/10/18 0:00,7215,4126,3436,182,159,514,0,0,3,0,-33,-1172
2023/10/18 1:00,6968,4128,3266,166,159,481,0,0,2,0,-34,-1200
2023/10/18 2:00,7203,4126,3450,177,158,483,0,0,2,0,-9,-1184
2023/10/18 3:00,7736,4125,3571,297,158,485,0,0,1,0,-3,-898
2023/10/18 4:00,8236,4125,3833,353,158,483,0,0,1,0,181,-898
2023/10/18 5:00,8415,4127,3864,399,159,482,0,0,1,0,629,-1246
2023/10/18 6:00,8185,4130,3315,390,158,483,66,0,1,0,990,-1348
2023/10/18 7:00,8061,4131,2508,241,158,480,1425,0,0,0,238,-1120
2023/10/18 8:00,8355,4133,1881,195,158,443,3783,0,0,0,-670,-1568
2023/10/18 9:00,9229,4134,1745,188,158,394,6015,161,0,0,-1561,-1844
2023/10/18 10:00,9704,4132,1596,179,158,394,6899,785,0,0,-1786,-1868
2023/10/18 11:00,9803,4132,1565,165,158,396,7089,1008,0,0,-1832,-1870
2023/10/18 12:00,9595,4130,1591,164,151,392,6863,1453,0,0,-1852,-1844
2023/10/18 13:00,9981,4128,1728,168,157,394,7072,482,4,0,-1822,-1848
2023/10/18 14:00,9956,4127,1981,179,158,404,6484,4,7,0,-1576,-1808
2023/10/18 15:00,9768,4125,2592,215,158,456,4355,3,12,0,-521,-1624
2023/10/18 16:00,9835,4110,3459,300,159,473,1922,0,2,0,1026,-1616
2023/10/18 17:00,9619,4113,3985,459,159,471,210,0,4,0,1430,-1212
2023/10/18 18:00,9664,4118,4213,637,159,473,0,0,4,0,1146,-1086
2023/10/18 19:00,9229,4130,4272,462,159,474,0,0,2,0,798,-1068
2023/10/18 20:00,8775,4129,4264,317,159,475,0,0,1,0,734,-1304
2023/10/18 21:00,8383,4130,4176,247,159,475,0,0,2,0,274,-1080
2023/10/18 22:00,8033,4130,4048,187,159,477,0,0,3,0,7,-978
2023/10/18 23:00,7798,4130,3774,187,159,477,0,0,1,0,-14,-916
2023/10/19 0:00,7251,4129,3392,169,159,475,0,0,3,0,-8,-1068
2023/10/19 1:00,7025,4128,3211,170,159,477,0,0,4,0,-8,-1116
2023/10/19 2:00,7252,4126,3498,197,159,477,0,0,1,0,-10,-1196
2023/10/19 3:00,7821,4124,3798,303,159,477,0,0,7,0,1,-1048
2023/10/19 4:00,8321,4121,3917,330,159,473,0,0,8,0,147,-834
2023/10/19 5:00,8482,4127,3856,343,159,476,0,0,10,0,391,-880
2023/10/19 6:00,8232,4125,3363,410,158,476,59,0,14,0,523,-896
2023/10/19 7:00,8080,4132,2600,228,158,472,1411,0,16,0,139,-1076
2023/10/19 8:00,8305,4127,1789,201,158,438,3746,0,12,0,-512,-1654
2023/10/19 9:00,9252,4133,1606,176,156,388,6058,20,10,0,-1407,-1868
2023/10/19 10:00,9751,4130,1630,196,156,386,7071,606,9,0,-1925,-1902
2023/10/19 11:00,9814,4132,1780,185,156,389,7165,930,14,0,-2029,-1978
2023/10/19 12:00,9573,4129,1995,166,156,387,6741,1165,10,0,-1925,-2086
2023/10/19 13:00,10120,4130,2309,165,156,386,6814,337,11,0,-1591,-2260
2023/10/19 14:00,10006,4131,2661,176,157,400,5855,2,11,0,-1097,-2288
2023/10/19 15:00,9891,4130,3399,222,158,463,4191,2,7,0,-509,-2170
2023/10/19 16:00,9911,4129,4186,414,157,474,1860,0,5,0,736,-2050
2023/10/19 17:00,9696,4120,4571,672,157,473,184,0,5,0,1152,-1638
2023/10/19 18:00,9701,4121,4633,569,158,475,0,0,5,0,1266,-1526
2023/10/19 19:00,9215,4121,4635,458,158,475,0,0,4,0,936,-1572
2023/10/19 20:00,8813,4128,4536,371,158,475,0,0,11,0,402,-1268
2023/10/19 21:00,8325,4127,4260,248,158,475,0,0,17,0,108,-1068
2023/10/19 22:00,8100,4128,4211,185,158,477,0,0,26,0,51,-1136
2023/10/19 23:00,7831,4129,4026,185,157,477,0,0,27,0,20,-1190
2023/10/20 0:00,7347,4129,4045,186,157,479,0,0,40,0,-23,-1666
2023/10/20 1:00,7131,4128,3840,192,157,475,0,0,46,0,-17,-1690
2023/10/20 2:00,7322,4129,4091,173,157,477,0,0,45,0,34,-1784
2023/10/20 3:00,7830,4127,4407,263,157,475,0,0,35,0,104,-1738
2023/10/20 4:00,8290,4126,4701,360,157,477,0,0,26,0,237,-1794
2023/10/20 5:00,8416,4125,4863,370,156,477,0,0,38,0,285,-1898
2023/10/20 6:00,8252,4127,4535,646,156,477,21,0,65,0,139,-1914
2023/10/20 7:00,8376,4131,4605,282,156,474,351,0,106,0,75,-1804
2023/10/20 8:00,9073,4128,4965,197,154,475,758,0,123,0,5,-1732
2023/10/20 9:00,9695,4129,4454,201,155,476,1025,0,95,0,4,-844
2023/10/20 10:00,9733,4130,3986,208,155,475,974,0,88,0,-7,-276
2023/10/20 11:00,9654,4129,3606,182,154,474,1075,0,125,0,-37,-54
2023/10/20 12:00,9228,4130,3376,168,154,476,1396,0,151,0,-253,-370
2023/10/20 13:00,9473,4129,3830,176,156,482,1414,0,148,0,34,-896
2023/10/20 14:00,9238,4130,3944,209,157,493,1938,0,172,0,-21,-1784
2023/10/20 15:00,9358,4129,4382,228,158,494,2202,0,207,0,2,-2444
2023/10/20 16:00,9305,4130,5297,253,158,495,1056,0,194,0,144,-2422
2023/10/20 17:00,9230,4129,5493,442,158,498,140,0,177,0,491,-2298
2023/10/20 18:00,9353,4123,5312,591,158,499,0,0,184,0,462,-1976
2023/10/20 19:00,8970,4122,5136,441,158,502,0,0,173,0,454,-2016
2023/10/20 20:00,8569,4122,4952,339,158,503,0,0,156,0,407,-2068
2023/10/20 21:00,8249,4131,4619,261,158,499,0,0,154,0,347,-1920
2023/10/20 22:00,7966,4135,4422,230,158,504,0,0,176,0,343,-2002
2023/10/20 23:00,7672,4135,4145,232,158,506,0,0,178,0,164,-1846
2023/10/21 0:00,7127,4138,3615,206,158,504,0,0,205,0,-3,-1696
2023/10/21 1:00,6908,4133,3369,199,158,502,0,0,203,0,-8,-1648
2023/10/21 2:00,7146,4135,3656,206,158,504,0,0,200,0,-9,-1704
2023/10/21 3:00,7672,4135,3950,270,158,504,0,0,215,0,234,-1794
2023/10/21 4:00,8120,4129,4013,351,158,505,0,0,206,0,526,-1768
2023/10/21 5:00,8241,4130,3893,376,153,502,0,0,194,0,755,-1762
2023/10/21 6:00,7783,4134,3401,473,133,502,54,0,203,0,415,-1532
2023/10/21 7:00,7418,4139,2490,275,135,494,1305,0,183,0,-113,-1490
2023/10/21 8:00,7413,4137,1930,227,135,434,3316,266,156,0,-1076,-1846
2023/10/21 9:00,7877,4136,1922,199,135,416,4142,1749,171,0,-1356,-1888
2023/10/21 10:00,7963,4138,1777,185,135,416,4642,2823,166,0,-1600,-1896
2023/10/21 11:00,7936,4136,1659,178,134,416,5219,2939,152,0,-2014,-1944
2023/10/21 12:00,7794,4137,1618,182,134,419,5349,3074,129,0,-2150,-2024
2023/10/21 13:00,7962,4131,1792,194,134,419,5004,3098,96,0,-1928,-1880
2023/10/21 14:00,7939,4133,1882,177,135,418,4661,2158,82,0,-1741,-1808
2023/10/21 15:00,7833,4131,1807,187,135,433,4281,305,78,0,-1387,-1832
2023/10/21 16:00,7907,4135,2373,368,135,500,2022,0,79,0,179,-1884
2023/10/21 17:00,8157,4125,3146,619,135,503,163,0,76,0,1274,-1884
2023/10/21 18:00,8460,4127,3210,586,135,506,0,0,91,0,1431,-1626
2023/10/21 19:00,8259,4130,3182,447,135,507,0,0,90,0,1402,-1634
2023/10/21 20:00,7978,4136,3474,338,135,505,0,0,88,0,1176,-1874
2023/10/21 21:00,7649,4135,3506,227,135,504,0,0,82,0,914,-1854
2023/10/21 22:00,7411,4137,3555,180,135,504,0,0,81,0,413,-1594
2023/10/21 23:00,7194,4134,3310,182,134,506,0,0,76,0,202,-1350
2023/10/22 0:00,6756,4139,3095,170,134,508,0,0,72,0,36,-1398
2023/10/22 1:00,6552,4135,2991,172,134,506,0,0,60,0,-12,-1434
2023/10/22 2:00,6868,4135,3318,198,134,504,0,0,50,0,107,-1578
2023/10/22 3:00,7480,4134,3867,218,134,507,0,0,42,0,230,-1652
2023/10/22 4:00,7918,4131,3779,334,134,506,0,0,31,0,543,-1540
2023/10/22 5:00,7877,4128,3286,364,134,508,0,0,26,0,883,-1452
2023/10/22 6:00,7369,4134,2648,299,135,507,53,0,18,0,741,-1166
2023/10/22 7:00,6966,4136,2309,266,135,471,1421,0,4,0,-82,-1694
2023/10/22 8:00,6801,4136,1896,246,134,412,3516,336,1,0,-1686,-1854
2023/10/22 9:00,7268,4136,1889,194,134,414,4134,2201,0,0,-1793,-1840
2023/10/22 10:00,7423,4136,1839,181,134,412,4417,3329,0,0,-1804,-1892
2023/10/22 11:00,7403,4138,1784,174,134,414,4712,3560,0,0,-2033,-1920
2023/10/22 12:00,7483,4136,1838,178,134,415,4658,3667,0,0,-1986,-1890
2023/10/22 13:00,7477,4136,1832,174,134,415,4365,3504,3,0,-1712,-1870
2023/10/22 14:00,7463,4132,1916,169,134,413,3798,2661,7,0,-1218,-1888
2023/10/22 15:00,7452,4134,1927,191,134,415,3336,905,10,0,-965,-1730
2023/10/22 16:00,7566,4134,2341,309,134,462,1844,0,16,0,-120,-1554
2023/10/22 17:00,7971,4129,3065,560,134,500,143,0,10,0,932,-1502
2023/10/22 18:00,8325,4125,3427,551,134,498,0,0,10,0,1092,-1512
2023/10/22 19:00,8089,4126,3728,357,134,501,0,0,11,0,1032,-1800
2023/10/22 20:00,7823,4134,3737,245,134,502,0,0,7,0,964,-1900
2023/10/22 21:00,7526,4136,3487,192,134,501,0,0,8,0,728,-1660
2023/10/22 22:00,7212,4137,3190,181,134,504,0,0,6,0,552,-1492
2023/10/22 23:00,6963,4134,3276,187,135,506,0,0,6,0,357,-1638
2023/10/23 0:00,6551,4138,3253,175,135,505,0,0,5,0,-4,-1656
2023/10/23 1:00,6368,4138,3051,175,135,505,0,0,5,0,-37,-1604
2023/10/23 2:00,6705,4137,3401,188,135,505,0,0,4,0,-13,-1652
2023/10/23 3:00,7350,4135,3796,259,135,506,0,0,6,0,241,-1728
2023/10/23 4:00,7924,4137,3880,315,135,504,0,0,9,0,460,-1516
2023/10/23 5:00,8125,4136,3878,399,135,505,0,0,12,0,640,-1580
2023/10/23 6:00,8022,4132,3831,280,135,502,43,0,12,0,679,-1592
2023/10/23 7:00,8011,4138,3187,251,135,491,1409,0,12,0,76,-1688
2023/10/23 8:00,8025,4136,2154,219,135,429,3778,0,6,0,-920,-1912
2023/10/23 9:00,8992,4117,1921,189,134,412,5598,607,0,0,-1309,-2070
2023/10/23 10:00,9269,4058,1924,178,133,411,6068,1660,0,0,-1425,-2078
2023/10/23 11:00,9235,4074,1905,163,134,409,6553,1579,2,0,-1897,-2108
2023/10/23 12:00,8976,4104,1940,160,130,409,6164,2054,2,0,-1881,-2052
2023/10/23 13:00,9528,4130,1968,161,133,409,6561,1068,4,0,-1780,-2058
2023/10/23 14:00,9505,4135,1934,167,134,409,6189,100,5,0,-1390,-2078
2023/10/23 15:00,9298,4138,2450,203,134,425,4265,1,5,0,-258,-2064
2023/10/23 16:00,9347,4135,3629,278,134,481,1721,0,4,0,929,-1964
2023/10/23 17:00,9338,4126,4451,722,134,494,134,0,4,0,1465,-2192
2023/10/23 18:00,9450,4127,4628,714,134,491,1,0,2,0,1405,-2052
2023/10/23 19:00,9041,4130,4697,440,134,494,0,0,4,0,1078,-1936
2023/10/23 20:00,8606,4135,4810,288,134,493,0,0,2,0,648,-1904
2023/10/23 21:00,8258,4135,4757,196,134,494,0,0,2,0,372,-1832
2023/10/23 22:00,7928,4134,4568,177,134,492,0,0,1,0,44,-1622
2023/10/23 23:00,7643,4136,4252,192,134,490,0,0,1,0,-22,-1540
2023/10/24 0:00,7205,4139,4032,184,134,490,0,0,1,0,-19,-1756
2023/10/24 1:00,6986,4136,3862,168,134,490,0,0,2,0,-30,-1776
2023/10/24 2:00,7291,4137,4176,180,134,491,0,0,2,0,-13,-1816
2023/10/24 3:00,7903,4136,4567,244,134,492,0,0,2,0,42,-1714
2023/10/24 4:00,8432,4136,4887,299,134,493,0,0,5,0,46,-1568
2023/10/24 5:00,8515,4135,4671,304,134,492,0,0,10,0,489,-1720
2023/10/24 6:00,8353,4134,4171,286,134,489,44,0,13,0,778,-1696
2023/10/24 7:00,8295,4136,3362,257,126,485,1263,0,18,0,172,-1524
2023/10/24 8:00,8322,4137,2424,194,91,450,3189,0,8,0,-271,-1900
2023/10/24 9:00,8981,4139,2034,200,91,401,5170,159,3,0,-957,-2100
2023/10/24 10:00,9373,4138,2058,177,90,403,6319,533,1,0,-1765,-2048
2023/10/24 11:00,9427,4138,2035,180,90,402,6785,766,1,0,-2088,-2116
2023/10/24 12:00,9213,4134,2036,191,91,404,6399,1345,0,0,-2004,-2038
2023/10/24 13:00,9651,4137,2111,171,91,403,6681,399,1,0,-1882,-2062
2023/10/24 14:00,9599,4136,2274,174,91,399,5495,1,2,0,-1000,-1972
2023/10/24 15:00,9313,4137,2903,225,91,449,3115,0,3,0,356,-1966
2023/10/24 16:00,9349,4132,3903,400,91,480,1246,0,3,0,1116,-2022
2023/10/24 17:00,9452,4128,4815,598,120,482,117,0,8,0,1158,-1974
2023/10/24 18:00,9492,4131,5125,630,134,485,0,0,4,0,953,-1970
2023/10/24 19:00,9150,4130,5107,398,134,487,0,0,5,0,917,-2028
2023/10/24 20:00,8715,4132,5152,282,134,483,0,0,12,0,450,-1930
2023/10/24 21:00,8325,4132,4921,213,135,483,0,0,22,0,49,-1630
2023/10/24 22:00,8001,4129,4550,191,135,485,0,0,26,0,1,-1516
2023/10/24 23:00,7708,4130,4290,164,135,485,0,0,42,0,10,-1548
2023/10/25 0:00,7204,4130,4000,159,134,486,0,0,35,0,4,-1744
2023/10/25 1:00,7018,4131,3875,175,134,486,0,0,35,0,-10,-1808
2023/10/25 2:00,7305,4133,4190,177,134,482,0,0,40,0,-7,-1844
2023/10/25 3:00,7925,4134,4520,218,134,485,0,0,39,0,-5,-1600
2023/10/25 4:00,8402,4134,4534,295,134,481,0,0,44,0,274,-1494
2023/10/25 5:00,8538,4133,4448,381,134,481,0,0,49,0,564,-1652
2023/10/25 6:00,8400,4133,4339,393,134,484,39,0,36,0,574,-1732
2023/10/25 7:00,8254,4136,3588,259,124,483,1283,0,31,0,-128,-1522
2023/10/25 8:00,8214,4135,2466,212,91,452,3538,0,21,0,-741,-1960
2023/10/25 9:00,8992,4132,2067,184,91,402,5827,39,13,0,-1640,-2084
2023/10/25 10:00,9462,4135,2027,177,91,401,6623,870,7,0,-1907,-2092
2023/10/25 11:00,9467,4130,2009,167,91,401,6726,1185,4,0,-1965,-2096
2023/10/25 12:00,9227,4134,1995,168,91,401,6428,1469,6,0,-1932,-2064
2023/10/25 13:00,9744,4132,2089,179,91,396,6350,1055,7,0,-1436,-2064
2023/10/25 14:00,9806,4135,2181,161,91,399,5986,106,7,0,-1074,-2080
2023/10/25 15:00,9493,4134,2759,179,91,414,4080,1,8,0,-20,-2152
2023/10/25 16:00,9498,4135,4014,315,91,473,1613,0,11,0,1138,-2292
2023/10/25 17:00,9409,4128,4820,578,91,477,116,0,13,0,1390,-2204
2023/10/25 18:00,9518,4128,5049,544,91,476,0,0,24,0,1200,-1994
2023/10/25 19:00,9141,4127,4933,367,91,478,0,0,30,0,1055,-1940
2023/10/25 20:00,8752,4137,4894,312,91,475,0,0,25,0,544,-1726
2023/10/25 21:00,8327,4134,4981,240,91,477,0,0,22,0,246,-1864
2023/10/25 22:00,8035,4139,4409,181,91,476,0,0,16,0,195,-1472
2023/10/25 23:00,7738,4136,4354,171,91,477,0,0,17,0,96,-1604
2023/10/26 0:00,7298,4136,4171,170,91,477,0,0,18,0,-29,-1736
2023/10/26 1:00,7081,4137,3886,170,91,477,0,0,22,0,-30,-1672
2023/10/26 2:00,7379,4139,4083,173,91,478,0,0,17,0,-26,-1576
2023/10/26 3:00,7996,4137,4425,210,91,475,0,0,16,0,40,-1398
2023/10/26 4:00,8457,4136,4654,327,91,477,0,0,16,0,164,-1408
2023/10/26 5:00,8610,4135,4621,358,91,477,0,0,19,0,505,-1596
2023/10/26 6:00,8418,4136,4132,395,91,478,36,0,24,0,698,-1572
2023/10/26 7:00,8255,4140,3428,253,91,479,1239,0,15,0,138,-1528
2023/10/26 8:00,8278,4134,2280,199,91,452,3361,0,2,0,-453,-1788
2023/10/26 9:00,8948,4137,1970,192,91,395,5499,2,1,0,-1275,-2062
2023/10/26 10:00,9341,4135,1953,182,91,396,6485,353,0,0,-1889,-2012
2023/10/26 11:00,9512,4135,2095,186,91,396,6467,818,0,0,-1832,-2026
2023/10/26 12:00,9201,4134,1992,172,91,397,6295,917,3,0,-1849,-2034
2023/10/26 13:00,9592,4130,2107,171,91,398,6711,224,6,0,-1914,-2108
2023/10/26 14:00,9477,4134,2299,173,90,397,5820,2,11,0,-1359,-2088
2023/10/26 15:00,9346,4135,2906,183,90,440,3915,1,14,0,-395,-1942
2023/10/26 16:00,9448,4126,4453,440,90,476,1563,0,12,0,660,-2372
2023/10/26 17:00,9402,4127,5084,635,90,478,117,0,13,0,1234,-2376
2023/10/26 18:00,9498,4127,5138,645,90,480,3,0,15,0,1018,-2018
2023/10/26 19:00,9081,4135,4704,558,90,480,0,0,14,0,768,-1668
2023/10/26 20:00,8634,4135,4406,418,90,478,0,0,20,0,847,-1760
2023/10/26 21:00,8267,4133,4332,260,90,480,0,0,20,0,676,-1724
2023/10/26 22:00,7964,4133,4179,198,90,476,0,0,24,0,416,-1552
2023/10/26 23:00,7772,4134,4264,181,90,481,0,0,25,0,193,-1596
2023/10/27 0:00,7235,4133,4180,167,90,480,0,0,22,0,3,-1840
2023/10/27 1:00,7007,4134,3930,166,90,483,0,0,31,0,-11,-1816
2023/10/27 2:00,7300,4136,4088,178,90,482,0,0,31,0,-11,-1694
2023/10/27 3:00,7910,4136,4426,213,90,484,0,0,38,0,-9,-1468
2023/10/27 4:00,8358,4131,4634,282,90,479,0,0,49,0,165,-1472
2023/10/27 5:00,8442,4134,4574,450,90,484,0,0,44,0,402,-1736
2023/10/27 6:00,8258,4136,4108,477,90,483,33,0,42,0,665,-1776
2023/10/27 7:00,8255,4136,3645,344,90,481,1046,0,34,0,303,-1824
2023/10/27 8:00,8504,4136,2781,210,90,457,2717,0,33,0,-8,-1912
2023/10/27 9:00,9244,4136,2365,188,90,405,3920,2,32,0,24,-1916
2023/10/27 10:00,9422,4136,2154,164,90,405,4947,2,61,0,-563,-1972
2023/10/27 11:00,9414,4135,2127,165,90,405,5532,3,95,0,-1163,-1972
2023/10/27 12:00,9130,4130,2277,159,90,405,5129,84,97,1,-1164,-1993
2023/10/27 13:00,9250,4132,2418,166,90,406,4862,2,99,0,-887,-2036
2023/10/27 14:00,9076,4135,2294,168,90,408,4743,1,62,0,-753,-2071
2023/10/27 15:00,9096,4135,2951,201,119,454,3588,1,49,0,-118,-2283
2023/10/27 16:00,9262,4134,4490,334,133,480,1398,0,35,0,697,-2439
2023/10/27 17:00,9203,4133,4930,692,134,480,89,0,41,0,1107,-2403
2023/10/27 18:00,9302,4127,5040,590,134,480,0,0,66,0,961,-2096
2023/10/27 19:00,8937,4128,5007,344,134,482,0,0,82,0,753,-1993
2023/10/27 20:00,8564,4129,4918,295,134,483,0,0,99,0,447,-1941
2023/10/27 21:00,8231,4132,4687,208,134,480,0,0,141,0,142,-1693
2023/10/27 22:00,7819,4137,4206,205,134,483,0,0,150,0,1,-1497
2023/10/27 23:00,7617,4134,4097,208,134,482,0,0,132,0,1,-1571
2023/10/28 0:00,7120,4135,3723,180,134,484,0,0,136,0,-16,-1656
2023/10/28 1:00,6898,4135,3439,171,134,483,0,0,131,0,-28,-1567
2023/10/28 2:00,7191,4136,3591,180,134,484,0,0,142,0,-27,-1449
2023/10/28 3:00,7721,4138,4105,230,134,486,0,0,134,0,1,-1507
2023/10/28 4:00,8115,4137,4295,415,134,486,0,0,119,0,0,-1471
2023/10/28 5:00,8109,4137,4132,479,134,484,0,0,105,0,77,-1439
2023/10/28 6:00,7642,4137,3365,441,134,484,29,0,94,0,465,-1507
2023/10/28 7:00,7405,4141,2197,265,134,461,1054,0,81,0,279,-1207
2023/10/28 8:00,7207,4139,1696,210,134,410,3105,0,65,0,-751,-1801
2023/10/28 9:00,7753,4139,1619,192,134,407,4685,507,59,0,-1584,-1898
2023/10/28 10:00,7956,4138,1690,171,134,408,4928,1523,54,0,-1672,-1895
2023/10/28 11:00,8105,4136,1722,180,134,410,5103,1881,49,1,-1714,-1915
2023/10/28 12:00,7861,4135,1761,177,134,412,5087,1872,40,1,-1953,-1932
2023/10/28 13:00,7957,4132,1882,169,134,408,4988,1631,33,0,-1865,-1924
2023/10/28 14:00,8018,4134,2036,174,133,409,4778,635,28,0,-1786,-1888
2023/10/28 15:00,7913,4134,2275,219,133,410,3603,1,35,0,-1012,-1884
2023/10/28 16:00,8047,4130,3202,451,133,457,1417,0,32,0,137,-1912
2023/10/28 17:00,8192,4126,3775,775,133,481,75,0,37,0,682,-1892
2023/10/28 18:00,8425,4136,3784,544,134,480,0,0,47,0,1272,-1972
2023/10/28 19:00,8171,4131,3658,344,134,482,0,0,58,0,1280,-1916
2023/10/28 20:00,7863,4137,3505,288,134,483,0,0,63,0,1177,-1924
2023/10/28 21:00,7579,4137,3489,201,134,484,0,0,71,0,747,-1684
2023/10/28 22:00,7270,4136,3363,193,134,484,0,0,70,0,500,-1610
2023/10/28 23:00,7121,4136,3439,190,134,486,0,0,60,0,358,-1682
2023/10/29 0:00,6640,4135,3337,179,134,483,0,0,58,0,-22,-1664
2023/10/29 1:00,6466,4135,3105,185,134,484,0,0,60,0,-15,-1622
2023/10/29 2:00,6759,4133,3360,190,134,486,0,0,61,0,55,-1660
2023/10/29 3:00,7416,4135,3769,220,134,488,0,0,54,0,298,-1682
2023/10/29 4:00,7864,4132,4086,331,134,487,0,0,58,0,422,-1786
2023/10/29 5:00,7793,4134,3853,396,134,485,0,0,63,0,492,-1764
2023/10/29 6:00,7274,4135,3123,390,134,487,24,0,69,0,496,-1584
2023/10/29 7:00,6962,4138,2273,296,134,465,958,0,58,0,32,-1392
2023/10/29 8:00,6848,4139,1879,220,134,408,2640,112,36,0,-888,-1720
2023/10/29 9:00,7321,4138,1715,188,134,412,4172,871,26,0,-1668,-1796
2023/10/29 10:00,7381,4139,1672,161,134,409,4820,1673,21,0,-2173,-1802
2023/10/29 11:00,7415,4137,1643,169,134,410,4750,2479,25,0,-2039,-1814
2023/10/29 12:00,7449,4135,1830,168,134,409,4342,2808,22,0,-1831,-1760
2023/10/29 13:00,7341,4135,1770,159,134,411,4056,2619,38,0,-1644,-1718
2023/10/29 14:00,7351,4134,1701,166,134,410,4167,1381,60,0,-1641,-1780
2023/10/29 15:00,7306,4137,1746,189,134,425,3562,136,53,0,-1188,-1752
2023/10/29 16:00,7433,4137,2449,266,134,482,1497,0,53,0,315,-1900
2023/10/29 17:00,7936,4133,3186,617,134,483,83,0,52,0,1168,-1920
2023/10/29 18:00,8279,4131,3412,598,134,484,0,0,48,0,1288,-1816
2023/10/29 19:00,8092,4131,3570,377,134,484,0,0,39,0,1125,-1768
2023/10/29 20:00,7836,4134,3600,310,134,487,0,0,47,0,956,-1832
2023/10/29 21:00,7466,4139,3524,235,134,483,0,0,45,0,718,-1812
2023/10/29 22:00,7247,4139,3331,199,134,481,0,0,44,0,587,-1668
2023/10/29 23:00,6960,4139,3361,191,134,486,0,0,51,0,90,-1492
2023/10/30 0:00,6539,4137,3041,180,134,486,0,0,46,0,-7,-1478
2023/10/30 1:00,6379,4136,2849,174,134,486,0,0,39,0,-15,-1424
2023/10/30 2:00,6804,4135,3235,190,135,487,0,0,36,0,-8,-1406
2023/10/30 3:00,7470,4137,3840,239,134,487,0,0,33,0,84,-1484
2023/10/30 4:00,7990,4135,4099,337,134,484,0,0,30,0,275,-1504
2023/10/30 5:00,8221,4135,4198,389,135,483,0,0,26,0,449,-1594
2023/10/30 6:00,8212,4135,4093,390,135,484,18,0,17,0,552,-1612
2023/10/30 7:00,8196,4143,3485,272,135,479,954,0,19,0,301,-1592
2023/10/30 8:00,8258,4139,2287,200,134,423,3058,0,13,0,-244,-1752
2023/10/30 9:00,8731,4140,1833,182,134,405,5135,149,6,0,-1210,-1894
2023/10/30 10:00,9058,4138,1807,161,134,406,5954,996,3,0,-1643,-1902
2023/10/30 11:00,9042,4138,1834,169,134,406,6153,1411,4,0,-1884,-1912
2023/10/30 12:00,8850,4140,1879,169,134,408,6020,1607,4,0,-2020,-1884
2023/10/30 13:00,9249,4135,1888,163,134,406,6244,890,6,0,-1827,-1900
2023/10/30 14:00,9194,4136,1973,168,134,421,5730,97,5,0,-1469,-1904
2023/10/30 15:00,8992,4134,2560,190,134,490,3809,0,3,0,-412,-1916
2023/10/30 16:00,9158,4131,3718,294,134,542,1446,0,3,0,794,-1904
2023/10/30 17:00,9207,4127,4443,698,134,546,77,0,8,0,1154,-1980
2023/10/30 18:00,9356,4128,4603,561,134,554,0,0,10,0,1406,-2040
2023/10/30 19:00,9005,4133,4789,363,134,565,0,0,10,0,877,-1866
2023/10/30 20:00,8687,4137,4885,288,134,564,0,0,10,0,635,-1966
2023/10/30 21:00,8266,4139,4686,211,134,567,0,0,10,0,219,-1700
2023/10/30 22:00,7941,4136,4458,180,135,570,0,0,8,0,107,-1653
2023/10/30 23:00,7649,4139,4376,168,135,573,0,0,8,0,-9,-1741
2023/10/31 0:00,7160,4136,4036,168,135,572,0,0,5,0,-38,-1854
2023/10/31 1:00,6972,4138,3809,186,135,569,0,0,6,0,-45,-1826
2023/10/31 2:00,7327,4132,3992,211,135,569,0,0,7,0,-5,-1714
2023/10/31 3:00,8011,4134,4373,260,135,571,0,0,9,0,-1,-1470
2023/10/31 4:00,8492,4132,4666,344,135,571,0,0,7,0,3,-1366
2023/10/31 5:00,8631,4136,4501,417,135,570,0,0,9,0,157,-1294
2023/10/31 6:00,8567,4136,4282,389,135,567,21,0,9,0,570,-1542
2023/10/31 7:00,8438,4139,3344,282,135,567,1076,0,12,0,281,-1398
2023/10/31 8:00,8332,4138,2288,203,135,509,3313,0,7,0,-349,-1912
2023/10/31 9:00,8920,4140,1960,184,135,487,5521,158,1,0,-1376,-2132
2023/10/31 10:00,9290,4137,1951,159,135,488,6145,1260,1,0,-1756,-1970
2023/10/31 11:00,9302,4141,1949,164,135,487,6208,1843,0,0,-1818,-1964
2023/10/31 12:00,8953,4138,1989,164,134,486,5825,2239,0,0,-1735,-2048
2023/10/31 13:00,9349,4137,2014,159,135,485,6145,1236,1,0,-1647,-2080
2023/10/31 14:00,9409,4137,2119,178,134,482,5984,74,3,0,-1536,-2092
2023/10/31 15:00,9070,4137,2610,204,134,520,3847,0,1,0,-333,-2050
2023/10/31 16:00,9297,4135,3940,309,134,547,1413,0,2,0,707,-1890
2023/10/31 17:00,9367,4128,4408,686,134,546,69,0,6,0,1180,-1790
2023/10/31 18:00,9434,4129,4698,561,135,531,0,0,5,0,1149,-1774
2023/10/31 19:00,9095,4131,4633,318,135,529,0,0,4,0,1067,-1722
2023/10/31 20:00,8717,4140,4558,222,135,527,0,0,4,0,677,-1546
2023/10/31 21:00,8357,4138,4392,168,135,534,0,0,4,0,410,-1424
2023/10/31 22:00,7998,4139,4237,162,135,531,0,0,4,0,201,-1411
2023/10/31 23:00,7716,4137,4132,166,135,532,0,0,4,0,61,-1451
